Setup,file,Lang,SetID,LieID,ConversationID,TruthID,LieType,Emotion,Falsification,MultipleLair,RealReasontype,Scenario,Relationship,SituationTopic,Situation,LieObjective,RealReason,Lie,Truth,Target,D1,D2,PLACE,PERSON,ORGANISM,ARTIFACT/OBJECT,TRADITION/EVENT,ORGANIZATION,FOOD,TIME
kj3 + Thai Cultural  (TH),,th,1-3-1-0-0,0-0,1,0,Fear respect,Angry,-,FALSE,TRUE,ณ ช่วงตอบคำถามภายในการประชุมพรรค โรงเรียนเทพลีลา,"B เป็นหัวหน้าของ A
C D เป็นเพื่อนร่วมงานของ A",การประชุมของผู้สมัครพรรค เรื่องวิสัยทัศน์ของพรรค,B ได้รับหน้าที่เป็นผู้นำเสนอข้อมูลสรุปการทำงานที่ผ่านมา 3 เดือนให้ทุกๆคนแต่เนื่องจากว่าแต่ B กลับเคลมว่าตนไปคนเดียวไม่มีใครช่วยเหลือ  B ได้ถาม A ว่ามีคำถามอะไรไหม,รักษาหน้าของระหว่างการประชุม,B จะเสียหน้าในที่ประชุม,ถาม support เรื่องงานนี้ให้ B ที่เตรียมการมานำเสนอง่ายขึ้น,,,,,1,,,,,,,
kj3 + Thai Cultural  (TH),,th,1-3-1-0-1,0-1,1,1,Fear respect,Angry,TRUE,FALSE,TRUE,ณ ช่วงตอบคำถามภายในการประชุมพรรค โรงเรียนเทพลีลา,"B เป็นหัวหน้าของ A
C D เป็นเพื่อนร่วมงานของ A",การประชุมของผู้สมัครพรรค เรื่องวิสัยทัศน์ของพรรค,B ได้รับหน้าที่เป็นผู้นำเสนอข้อมูลสรุปการทำงานที่ผ่านมา 3 เดือนให้ทุกๆคนแต่เนื่องจากว่าแต่ B กลับเคลมว่าตนไปคนเดียวไม่มีใครช่วยเหลือ  B ได้ถาม A ว่ามีคำถามอะไรไหม,รักษาหน้าของระหว่างการประชุม,B จะเสียหน้าในที่ประชุม,ถาม support เรื่องงานนี้ให้ B ที่เตรียมการมานำเสนอง่ายขึ้น,B เคลมงานคนในทีม,,,,1,,,,,,,
kj3 + Thai Cultural  (TH),,th,1-3-1-0-2,0-2,1,1,Fear respect,Angry,FALSE,FALSE,TRUE,ณ ช่วงตอบคำถามภายในการประชุมพรรค โรงเรียนเทพลีลา,"B เป็นหัวหน้าของ A
C D เป็นเพื่อนร่วมงานของ A",การประชุมของผู้สมัครพรรค เรื่องวิสัยทัศน์ของพรรค,B ได้รับหน้าที่เป็นผู้นำเสนอข้อมูลสรุปการทำงานที่ผ่านมา 3 เดือนให้ทุกๆคนแต่เนื่องจากว่าแต่ B กลับเคลมว่าตนไปคนเดียวไม่มีใครช่วยเหลือ  B ได้ถาม A ว่ามีคำถามอะไรไหม,รักษาหน้าของระหว่างการประชุม,B จะเสียหน้าในที่ประชุม,ถามเรื่องอื่น,B เคลมงานคนในทีม,,,,1,,,,,,,
kj3 + Thai Cultural  (TH),,th,1-3-2-0-0,0-0,2,0,Fear respect,Angry,-,FALSE,FALSE,ณ ห้องทำงานของบริษัทเอกชนทางการเงิน ช่วงเวลาเร่งด่วนในกรุงเทพ,"B เป็นหัวหน้าของ A
C D เป็นเพื่อนร่วมงานของ A",การโยนงานของตัวเองให้คนอื่น,B ต้องไปรับลูกที่โรงเรียนก่อนเวลาเลิกงาน จึงเอางานตนเองไปให้ A ทำทั้งหมดตอนช่วงเวลาใกล้เลิกงาน,ไม่ทำให้โกรธ,B จะโกรธและทำให้ความสัมพันธ์ที่ทำงานเสียหาย อาจโดนกลั่นแกล้งในอนาคต,ตอบรับคำขอ,,,,,1,,,,,,,
kj3 + Thai Cultural  (TH),,th,1-3-2-0-1,0-1,2,1,Fear respect,Angry,TRUE,FALSE,FALSE,ณ ห้องทำงานของบริษัทเอกชนทางการเงิน ช่วงเวลาเร่งด่วนในกรุงเทพ,"B เป็นหัวหน้าของ A
C D เป็นเพื่อนร่วมงานของ A",การโยนงานของตัวเองให้คนอื่น,B ต้องไปรับลูกที่โรงเรียนก่อนเวลาเลิกงาน จึงเอางานตนเองไปให้ A ทำทั้งหมดตอนช่วงเวลาใกล้เลิกงาน,ไม่ทำให้โกรธ,B จะโกรธและทำให้ความสัมพันธ์ที่ทำงานเสียหาย อาจโดนกลั่นแกล้งในอนาคต,ตอบรับคำขอ,ต้องการปฎิเสธไม่ได้อยากช่วยเหลือ,,,,1,,,,,,,
kj3 + Thai Cultural  (TH),,th,1-3-2-0-2,0-2,2,1,Fear respect,Angry,FALSE,FALSE,FALSE,ณ ห้องทำงานของบริษัทเอกชนทางการเงิน ช่วงเวลาเร่งด่วนในกรุงเทพ,"B เป็นหัวหน้าของ A
C D เป็นเพื่อนร่วมงานของ A",การโยนงานของตัวเองให้คนอื่น,B ต้องไปรับลูกที่โรงเรียนก่อนเวลาเลิกงาน จึงเอางานตนเองไปให้ A ทำทั้งหมดตอนช่วงเวลาใกล้เลิกงาน,ไม่ทำให้โกรธ,B จะโกรธและทำให้ความสัมพันธ์ที่ทำงานเสียหาย อาจโดนกลั่นแกล้งในอนาคต,ยินดีแต่เดี๋ยวให้เพื่อนคนอื่นช่วย,ต้องการปฎิเสธไม่ได้อยากช่วยเหลือ,,,,1,,,,,,,
kj3 + Thai Cultural  (TH),,th,1-3-3-0-0,0-0,3,0,Fear respect,Angry,-,FALSE,FALSE,ณ​ ห้องของผู้บริหารซีเกมส์ที่สนามกีฬาราชมังคลากีฬาสถาน,"B เป็นหัวหน้าฝ่ายศิลป์
A C D เป็นกรรมการฟุตบอล",การแก้ไขความผิดพลาด,B ที่กลับมาจากการเที่ยวเกาะเสม็ดได้ยินข่าวที่แพร่สะพัดไปทั่วโลกออนไลน์ว่า ภาพโปรโมทการแข่งขันซีเกมส์ที่ประเทศไทยเป็นเจ้าภาพที่Bเป็นคนอนุมัติ ถูกจับได้วว่าใช้ ai ในการ genภาพ ของวัดพระเเก้ว B จึงมอบหมายงานให้ A เป็นคนหาตัวศิลปินที่ใช้ ai สร้างภาพ,หลีกเลี่ยงการปะทะ,B จะโกรธและสั่งใช้อำนาจกลั่นแกล้ง,ตอบรับคำขอ,,,,,4,,,,,,,
kj3 + Thai Cultural  (TH),,th,1-3-3-0-1,0-1,3,1,Fear respect,Angry,TRUE,FALSE,FALSE,ณ​ ห้องของผู้บริหารซีเกมส์ที่สนามกีฬาราชมังคลากีฬาสถาน,"B เป็นหัวหน้าฝ่ายศิลป์
A C D เป็นกรรมการฟุตบอล",การแก้ไขความผิดพลาด,B ที่กลับมาจากการเที่ยวเกาะเสม็ดได้ยินข่าวที่แพร่สะพัดไปทั่วโลกออนไลน์ว่า ภาพโปรโมทการแข่งขันซีเกมส์ที่ประเทศไทยเป็นเจ้าภาพที่Bเป็นคนอนุมัติ ถูกจับได้วว่าใช้ ai ในการ genภาพ ของวัดพระเเก้ว B จึงมอบหมายงานให้ A เป็นคนหาตัวศิลปินที่ใช้ ai สร้างภาพ,หลีกเลี่ยงการปะทะ,B จะโกรธและสั่งใช้อำนาจกลั่นแกล้ง,ตอบรับคำขอ,ไม่ใช่หน้าที่และไม่อยากจะทำ,,,,4,,,,,,,
kj3 + Thai Cultural  (TH),,th,1-3-3-0-2,0-2,3,1,Fear respect,Angry,FALSE,FALSE,FALSE,ณ​ ห้องของผู้บริหารซีเกมส์ที่สนามกีฬาราชมังคลากีฬาสถาน,"B เป็นหัวหน้าฝ่ายศิลป์
A C D เป็นลูกน้อง",การแก้ไขความผิดพลาด,B ที่กลับมาจากการเที่ยวเกาะเสม็ดได้ยินข่าวที่แพร่สะพัดไปทั่วโลกออนไลน์ว่า ภาพโปรโมทการแข่งขันซีเกมส์ที่ประเทศไทยเป็นเจ้าภาพที่Bเป็นคนอนุมัติ ถูกจับได้วว่าใช้ ai ในการ genภาพ ของวัดพระเเก้ว B จึงมอบหมายงานให้ A เป็นคนหาตัวศิลปินที่ใช้ ai สร้างภาพ,หลีกเลี่ยงการปะทะ,B จะโกรธและสั่งใช้อำนาจกลั่นแกล้ง,ให้ลองตรวจสอบจากเอกสารการจ้างงาน,ไม่ใช่หน้าที่และไม่อยากจะทำ,,,,4,,,,,,,
kj3 + Thai Cultural  (TH),,th,1-3-4-0-0,0-0,4,0,Fear respect,Angry,-,FALSE,TRUE,ณ​ งานบุญวัดประจำปีในซอยราษฎร์บูรณะ เขตเทศบาลนครหาดใหญ่ หลังเหตุการ์ณน้ำท่วม,"B เป็นหัวหน้ากู้ภัยของ A
C D เป็นเพื่อนร่วมงานกับ A",มอบหมายงานด่วนหลังน้ำท่วม,ขณะช่วยกันยกของบริจาคที่วัด B ถาม A ว่างานโครงการนี้ที่มอบหมายให้ A สามารถเอาข้าวสารและมาม่าไปส่งให้ครบทุกวันวัดภายในคืนนี้ได้ไหม ซึ่งด้วยเส้นทางที่เสียหายทำให้ไม่สามารถทำได้ง่าย แต่ว่าBก็ถามด้วยความรีบร้อนเพราะว่าโดนคนที่ใหญ่กว่าเร่งมาอีกที,ไม่ต้องการทำให้โกรธและผิดหวัง,B จะโกรธที่ทำไม่ได้ดั่งใจ และมอบหมายงานให้คนอื่น,บอกว่าสามารถทำได้ทัน และตอบรับงาน,,,,,2,,,,1,1,,
kj3 + Thai Cultural  (TH),,th,1-3-4-0-1,0-1,4,1,Fear respect,Angry,TRUE,FALSE,TRUE,ณ​ งานบุญวัดประจำปีในซอยราษฎร์บูรณะ เขตเทศบาลนครหาดใหญ่ หลังเหตุการ์ณน้ำท่วม,"B เป็นหัวหน้ากู้ภัยของ A
C D เป็นเพื่อนร่วมงานกับ A",มอบหมายงานด่วนหลังน้ำท่วม,ขณะช่วยกันยกของบริจาคที่วัด B ถาม A ว่างานโครงการนี้ที่มอบหมายให้ A สามารถเอาข้าวสารและมาม่าไปส่งให้ครบทุกวันวัดภายในคืนนี้ได้ไหม ซึ่งด้วยเส้นทางที่เสียหายทำให้ไม่สามารถทำได้ง่าย แต่ว่าBก็ถามด้วยความรีบร้อนเพราะว่าโดนคนที่ใหญ่กว่าเร่งมาอีกที,ไม่ต้องการทำให้โกรธและผิดหวัง,B จะโกรธที่ทำไม่ได้ดั่งใจ และมอบหมายงานให้คนอื่น,บอกว่าสามารถทำได้ทัน และตอบรับงาน,ไม่สามารถทำได้,,,,2,,,,1,1,,
kj3 + Thai Cultural  (TH),,th,1-3-4-0-2,0-2,4,1,Fear respect,Angry,FALSE,FALSE,TRUE,ณ​ งานบุญวัดประจำปีในซอยราษฎร์บูรณะ เขตเทศบาลนครหาดใหญ่ หลังเหตุการ์ณน้ำท่วม,"B เป็นหัวหน้ากู้ภัยของ A
C D เป็นเพื่อนร่วมงานกับ A",มอบหมายงานด่วนหลังน้ำท่วม,ขณะช่วยกันยกของบริจาคที่วัด B ถาม A ว่างานโครงการนี้ที่มอบหมายให้ A สามารถเอาข้าวสารและมาม่าไปส่งให้ครบทุกวันวัดภายในคืนนี้ได้ไหม ซึ่งด้วยเส้นทางที่เสียหายทำให้ไม่สามารถทำได้ง่าย แต่ว่า B ก็ถามด้วยความรีบร้อนเพราะว่าโดนคนที่ใหญ่กว่าเร่งมาอีกที,ไม่ต้องการทำให้โกรธและผิดหวัง,B จะโกรธที่ทำไม่ได้ดั่งใจ และมอบหมายงานให้คนอื่น,ยินดีแต่เดี๋ยวให้เพื่อนคนอื่นช่วย,ไม่สามารถทำได้,,,,2,,,,1,1,,
kj3 + Thai Cultural  (TH),,th,1-3-5-0-0,0-0,5,0,Fear respect,Angry,-,FALSE,FALSE,ณ โรงเรียนแม่ทาวิทยาคมจังหวัดลำพูนในช่วงเดือนพฤษจิกายน,"B เป็นครูของ A
C D เป็นเพื่อนของ A",การหาคนมาช่วยกิจกรรมกีฬาสี,B ได้เรียก  A B C D มาคุยหลังเข้าแถวว่าโรงเรียนของเราต้องไปแข่งเดินขบวนประจำโรงเรียนเพื่อชิงตำแหน่งโรงเรียนดีเด่นประจำจังหวัด B ได้ชวน A มาช่วยเเบกเสลี่ยงรูปผู้ก่อตั้งโรงเรียนแต่ Aไม่ว่างต้องไปแข่งขันคณิตศาสตร์โอลิมปิกของค่าย สอวน.,ไม่ต้องการทำให้โกรธและผิดหวัง,B จะโกรธที่นักเรียนและนำไปสู้การกลั่นแกล้ง,ตอบรับคำขอ,,,,,2,,,2,1,2,,1
kj3 + Thai Cultural  (TH),,th,1-3-5-0-1,0-1,5,1,Fear respect,Angry,TRUE,FALSE,FALSE,ณ โรงเรียนแม่ทาวิทยาคมจังหวัดลำพูนในช่วงเดือนพฤษจิกายน,"B เป็นครูของ A
C D เป็นเพื่อนของ A",การหาคนมาช่วยกิจกรรมกีฬาสี,B ได้เรียก  A B C D มาคุยหลังเข้าแถวว่าโรงเรียนของเราต้องไปแข่งเดินขบวนประจำโรงเรียนเพื่อชิงตำแหน่งโรงเรียนดีเด่นประจำจังหวัด B ได้ชวน A มาช่วยเเบกเสลี่ยงรูปผู้ก่อตั้งโรงเรียนแต่ Aไม่ว่างต้องไปแข่งขันคณิตศาสตร์โอลิมปิกของค่าย สอวน.,ไม่ต้องการทำให้โกรธและผิดหวัง,B จะโกรธที่นักเรียนและนำไปสู้การกลั่นแกล้ง,ตอบรับคำขอ,ไม่อยากทำเพราะเสียเวลา,,,,2,,,2,1,2,,1
kj3 + Thai Cultural  (TH),,th,1-3-5-0-2,0-2,5,1,Fear respect,Angry,FALSE,FALSE,FALSE,ณ โรงเรียนแม่ทาวิทยาคมจังหวัดลำพูนในช่วงเดือนพฤษจิกายน,"B เป็นครูของ A
C D เป็นเพื่อนของ A",การหาคนมาช่วยกิจกรรมกีฬาสี,B ได้เรียก  A B C D มาคุยหลังเข้าแถวว่าโรงเรียนของเราต้องไปแข่งเดินขบวนประจำโรงเรียนเพื่อชิงตำแหน่งโรงเรียนดีเด่นประจำจังหวัด B ได้ชวน A มาช่วยเเบกเสลี่ยงรูปผู้ก่อตั้งโรงเรียนแต่ Aไม่ว่างต้องไปแข่งขันคณิตศาสตร์โอลิมปิกของค่าย สอวน.,ไม่ต้องการทำให้โกรธและผิดหวัง,B จะโกรธที่นักเรียนและนำไปสู้การกลั่นแกล้ง,แนะนำเพื่อนคนอื่นให้,ไม่อยากทำเพราะเสียเวลา,,,,2,,,2,1,2,,1
kj3 + Thai Cultural  (TH),,th,1-3-6-0-0,0-0,6,0,Fear respect,Angry,-,FALSE,FALSE,ณ​โรงเรียนแห่งหนึ่งใน อ.บัวใหญ่ จ.นครราชสีมา ในช่วงที่มีกิจกรรมวันเด็ก,"B เป็นครูของ A
C D เป็นเพื่อนของ A",ครูต่อว่าเด็กที่คอสเพลย์ในโรงเรียน,B ได้เห็น A และเพื่อนๆเเต่งตัวคอสเพลย์กันในงานวันเด็ก Bเป็นคนอนุรักษ์นิยม เลยไม่ชอบที่เด็กไม่แต่งตัวชุดนักเรียน เลยบังคับ A ให้เปลี่ยนเป็นชุดนักเรียนทั้งๆที่โรงเรียนไม่ได้มีกฏห้าม,หลีกเลี่ยงการปะทะ,B จะโกรธที่เด็กไม่เชื่อฟัง,ยอมทำตามที่ครูบอก,,,,,2,,,,,,,1
kj3 + Thai Cultural  (TH),,th,1-3-6-0-1,0-1,6,1,Fear respect,Angry,TRUE,FALSE,FALSE,ณ​โรงเรียนแห่งหนึ่งใน อ.บัวใหญ่ จ.นครราชสีมา ในช่วงที่มีกิจกรรมวันเด็ก,"B เป็นครูของ A
C D เป็นเพื่อนของ A",ครูต่อว่าเด็กที่คอสเพลย์ในโรงเรียน,B ได้เห็น A และเพื่อนๆเเต่งตัวคอสเพลย์กันในงานวันเด็ก Bเป็นคนอนุรักษ์นิยม เลยไม่ชอบที่เด็กไม่แต่งตัวชุดนักเรียน เลยบังคับ A ให้เปลี่ยนเป็นชุดนักเรียนทั้งๆที่โรงเรียนไม่ได้มีกฏห้าม,หลีกเลี่ยงการปะทะ,B จะโกรธที่เด็กไม่เชื่อฟัง,ยอมทำตามที่ครูบอก,ไม่ได้อยากจะเปลี่ยนชุดออก,,,,2,,,,,,,1
kj3 + Thai Cultural  (TH),,th,1-3-6-0-2,0-2,6,1,Fear respect,Angry,FALSE,FALSE,FALSE,ณ​โรงเรียนแห่งหนึ่งใน อ.บัวใหญ่ จ.นครราชสีมา ในช่วงที่มีกิจกรรมวันเด็ก,"B เป็นครูของ A
C D เป็นเพื่อนของ A",ครูต่อว่าเด็กที่คอสเพลย์ในโรงเรียน,B ได้เห็น A และเพื่อนๆเเต่งตัวคอสเพลย์กันในงานวันเด็ก Bเป็นคนอนุรักษ์นิยม เลยไม่ชอบที่เด็กไม่แต่งตัวชุดนักเรียน เลยบังคับ A ให้เปลี่ยนเป็นชุดนักเรียนทั้งๆที่โรงเรียนไม่ได้มีกฏห้าม,หลีกเลี่ยงการปะทะ,B จะโกรธที่เด็กไม่เชื่อฟัง,พูดว่าจะเปลี่ยนเป็นชุดที่คล้ายกันกับชุดนักเรียน,ไม่ได้อยากจะเปลี่ยนชุดออก,,,,2,,,,,,,1
kj3 + Thai Cultural  (TH),,th,1-3-7-0-0,0-0,7,0,Fear respect,Angry,-,FALSE,FALSE,ณ คาบเรียนวิชาประวัติศาสตร์ไทย ของเตรียมอุดมศึกษาพัฒนาการ นนทบุรี,"B เป็นครูของ A
C D เป็นเพื่อนของ A",การพูดคุยเกี่ยวกับประวัติศาสตร์สมัยกรุงศรีอยุธยา,B ได้แสดงความเห็นในชั้นเรียนว่าตนเองเชื่อในในประวัติศาสตร์ไทย พม่าเป็นผู้ร้ายที่ค่อยตีกรุงศรีอยุธยาอยู่ตลอดได้ถาม Aว่ามีเห็นด้วยหรือไม่ A,หลีกเลี่ยงการปะทะ,B จะรู้สึกเสียหน้า ที่สอนเนื้อหาประวัติศาสตร์แบบผิดๆให้เด็ก และ โดนเด็กสอนเรื่องที่ตัวเองมั่นใจ,ยอมรับความคิดของอาจารย์,,,,,3,,,1,,1,,1
kj3 + Thai Cultural  (TH),,th,1-3-7-0-1,0-1,7,1,Fear respect,Angry,TRUE,FALSE,FALSE,ณ คาบเรียนวิชาประวัติศาสตร์ไทย ของเตรียมอุดมศึกษาพัฒนาการ นนทบุรี,"B เป็นครูของ A
C D เป็นเพื่อนของ A",การพูดคุยเกี่ยวกับประวัติศาสตร์สมัยกรุงศรีอยุธยา,B ได้แสดงความเห็นในชั้นเรียนว่าตนเองเชื่อในในประวัติศาสตร์ไทย พม่าเป็นผู้ร้ายที่ค่อยตีกรุงศรีอยุธยาอยู่ตลอดได้ถาม Aว่ามีเห็นด้วยหรือไม่ A,หลีกเลี่ยงการปะทะ,B จะรู้สึกเสียหน้า ที่สอนเนื้อหาประวัติศาสตร์แบบผิดๆให้เด็ก และ โดนเด็กสอนเรื่องที่ตัวเองมั่นใจ,ยอมรับความคิดของอาจารย์,สิ่งที่อาจารย์พูดนั้นผิดและโต้แย้งด้วยข้อเท็จจริง,,,,3,,,1,,1,,1
kj3 + Thai Cultural  (TH),,th,1-3-7-0-2,0-2,7,1,Fear respect,Angry,FALSE,FALSE,FALSE,ณ คาบเรียนวิชาประวัติศาสตร์ไทย ของเตรียมอุดมศึกษาพัฒนาการ นนทบุรี,"B เป็นครูของ A
C D เป็นเพื่อนของ A",การพูดคุยเกี่ยวกับประวัติศาสตร์สมัยกรุงศรีอยุธยา,B ได้แสดงความเห็นในชั้นเรียนว่าตนเองเชื่อในในประวัติศาสตร์ไทย พม่าเป็นผู้ร้ายที่ค่อยตีกรุงศรีอยุธยาอยู่ตลอดได้ถาม Aว่ามีเห็นด้วยหรือไม่ A,หลีกเลี่ยงการปะทะ,B จะรู้สึกเสียหน้า ที่สอนเนื้อหาประวัติศาสตร์แบบผิดๆให้เด็ก และ โดนเด็กสอนเรื่องที่ตัวเองมั่นใจ,พูดถึงแนวคิดคนในครอบครัวว่าเป็นเหมือนอาจารย์,สิ่งที่อาจารย์พูดนั้นผิดและโต้แย้งด้วยข้อเท็จจริง,,,,3,,,1,,1,,1
kj3 + Thai Cultural  (TH),,th,1-3-8-0-0,0-0,8,0,Fear respect,Angry,-,FALSE,TRUE,"ณ​ กิจกรรม ""วันรับน้องแม่โจ้"" ที่มหาวิทยาลัยแม่โจ้เมื่อปีพ.ศ. 2549","B เป็นรุ่นพี่ของ A 
C D เป็นเพื่อนร่วมรุ่นของ A",การสั่งลงโทษในกิจกรรมสันทนาการ,B ได้จัดกิจกรรมแข่งวิ่งเปรี้ยวให้กลุ่ม A C Dมาแข่งกันโดยที่ A อยู่คนละทีมกับ  C D และเมื่อทีมของ A เเพ้ B ได้สั่งลงโทษโดยการบังคับกลิ้งพื้น ซึ่ง B ไม่ได้แจ้งก่อนว่าจะมีกิจกรรมที่เปื้อนร่างกาย เมื่อA ทำหน้าไม่สู้ดี B เลยบอกทุกคนว่าถ้า Aไม่กลิ้งจะลงโทษทุกคน,หลีกเลี่ยงการขัดคำสั่งของB จนทำให้คนอื่นเดือดร้อน,B จะโกรธที่รุ่นน้องไม่ให้ความร่วมมือ เลยลงโทษทุกคนให้ทุกคนโทษ,ยอมรับบทลงโทษที่ไม่เหมาะสม,,,,,2,,,,2,,,1
kj3 + Thai Cultural  (TH),,th,1-3-8-0-1,0-1,8,1,Fear respect,Angry,TRUE,FALSE,TRUE,"ณ​ กิจกรรม ""วันรับน้องแม่โจ้"" ที่มหาวิทยาลัยแม่โจ้เมื่อปีพ.ศ. 2549","B เป็นรุ่นพี่ของ A 
C D เป็นเพื่อนร่วมรุ่นของ A",การสั่งลงโทษในกิจกรรมสันทนาการ,B ได้จัดกิจกรรมแข่งวิ่งเปรี้ยวให้กลุ่ม A C Dมาแข่งกันโดยที่ A อยู่คนละทีมกับ  C D และเมื่อทีมของ A เเพ้ B ได้สั่งลงโทษโดยการบังคับกลิ้งพื้น ซึ่ง B ไม่ได้แจ้งก่อนว่าจะมีกิจกรรมที่เปื้อนร่างกาย เมื่อA ทำหน้าไม่สู้ดี B เลยบอกทุกคนว่าถ้า Aไม่กลิ้งจะลงโทษทุกคน,หลีกเลี่ยงการขัดคำสั่งของB จนทำให้คนอื่นเดือดร้อน,B จะโกรธที่รุ่นน้องไม่ให้ความร่วมมือ เลยลงโทษทุกคนให้ทุกคนโทษ,ยอมรับบทลงโทษที่ไม่เหมาะสม,พูดว่าสามารถร้องเรียนการกระทำของ B ได้,,,,2,,,,2,,,1
kj3 + Thai Cultural  (TH),,th,1-3-8-0-2,0-2,8,1,Fear respect,Angry,FALSE,FALSE,TRUE,"ณ​ กิจกรรม ""วันรับน้องแม่โจ้"" ที่มหาวิทยาลัยแม่โจ้เมื่อปีพ.ศ. 2549","B เป็นรุ่นพี่ของ A 
C D เป็นเพื่อนร่วมรุ่นของ A",การสั่งลงโทษในกิจกรรมสันทนาการ,B ได้จัดกิจกรรมแข่งวิ่งเปรี้ยวให้กลุ่ม A C Dมาแข่งกันโดยที่ A อยู่คนละทีมกับ  C D และเมื่อทีมของ A เเพ้ B ได้สั่งลงโทษโดยการบังคับกลิ้งพื้น ซึ่ง B ไม่ได้แจ้งก่อนว่าจะมีกิจกรรมที่เปื้อนร่างกาย เมื่อA ทำหน้าไม่สู้ดี B เลยบอกทุกคนว่าถ้า Aไม่กลิ้งจะลงโทษทุกคน,หลีกเลี่ยงการขัดคำสั่งของB จนทำให้คนอื่นเดือดร้อน,B จะโกรธที่รุ่นน้องไม่ให้ความร่วมมือ เลยลงโทษทุกคนให้ทุกคนโทษ,พูดขอโทษแต่ก่อนปฎิบัติตามจะต้องแจ้งคณะบดีก่อน,พูดว่าสามารถร้องเรียนการกระทำของ B ได้,,,,2,,,,2,1,,1
kj3 + Thai Cultural  (TH),,th,1-3-9-0-0,0-0,9,0,Fear respect,Angry,-,FALSE,TRUE,ณ การฝีกซ้อมของทหารเกณฑ์ที่กรมทหารราบที่ 21 รักษาพระองค์ จังหวัดชลบุรี,"B เป็นครูฝีกทหารของ A
C D เป็นเพื่อนทหารเกณฑ์ของ A",โดนครูฝึกบังคับซื้อของต้องห้าม,ในคืนหลังจากการฝึกทหารเกณฑ์อันเหน็ดเหนื่อยก่อนที่จะปล่อยนอนพักผ่อน  B ได้เรียก A C Dไปคุยว่าให้แอบไปซื้อเหล้า บุหรี่ให้หน่อยเพราะว่าเป็นสิ่งต้องห้ามในค่ายใครซื้อ ขาย จะโดนทำโทษวินัย Bได้ขู่ว่าถ้าไม่ทำพรุ่งนี้โดนซ่อมเยอะเป็นพิเศษแน่นอน,หลีกเลี่ยงการขัดใจครูฝึก,Bจะโกรธและสั่งซ่อม,ยอมแอบไปซื้อ เหล้า บุหรี่ให้,,,,,2,,,,,2,,
kj3 + Thai Cultural  (TH),,th,1-3-9-0-1,0-1,9,1,Fear respect,Angry,TRUE,FALSE,TRUE,ณ การฝีกซ้อมของทหารเกณฑ์ที่กรมทหารราบที่ 21 รักษาพระองค์ จังหวัดชลบุรี,"B เป็นครูฝีกทหารของ A
C D เป็นเพื่อนทหารเกณฑ์ของ A",โดนครูฝึกบังคับซื้อของต้องห้าม,ในคืนหลังจากการฝึกทหารเกณฑ์อันเหน็ดเหนื่อยก่อนที่จะปล่อยนอนพักผ่อน  B ได้เรียก A C Dไปคุยว่าให้แอบไปซื้อเหล้า บุหรี่ให้หน่อยเพราะว่าเป็นสิ่งต้องห้ามในค่ายใครซื้อ ขาย จะโดนทำโทษวินัย Bได้ขู่ว่าถ้าไม่ทำพรุ่งนี้โดนซ่อมเยอะเป็นพิเศษแน่นอน,หลีกเลี่ยงการขัดใจครูฝึก,Bจะโกรธและสั่งซ่อม,ยอมแอบไปซื้อ เหล้า บุหรี่ให้,ไม่เสี่ยงการกระทำผิด ซื้อของต้องห้าม,,,,2,,,,,2,,
kj3 + Thai Cultural  (TH),,th,1-3-9-0-2,0-2,9,1,Fear respect,Angry,FALSE,FALSE,TRUE,ณ การฝีกซ้อมของทหารเกณฑ์ที่กรมทหารราบที่ 21 รักษาพระองค์ จังหวัดชลบุรี,"B เป็นครูฝีกทหารของ A
C D เป็นเพื่อนทหารเกณฑ์ของ A",โดนครูฝึกบังคับซื้อของต้องห้าม,ในคืนหลังจากการฝึกทหารเกณฑ์อันเหน็ดเหนื่อยก่อนที่จะปล่อยนอนพักผ่อน  B ได้เรียก A C Dไปคุยว่าให้แอบไปซื้อเหล้า บุหรี่ให้หน่อยเพราะว่าเป็นสิ่งต้องห้ามในค่ายใครซื้อ ขาย จะโดนทำโทษวินัย Bได้ขู่ว่าถ้าไม่ทำพรุ่งนี้โดนซ่อมเยอะเป็นพิเศษแน่นอน,หลีกเลี่ยงการขัดใจครูฝึก,Bจะโกรธและสั่งซ่อม,พูดว่ามีเพื่อนไปซื้อให้แล้ว,ไม่เสี่ยงการกระทำผิด ซื้อของต้องห้าม,,,,2,,,,,2,,
kj3 + Thai Cultural  (TH),,th,1-3-10-0-0,0-0,10,0,Fear respect,Angry,-,FALSE,FALSE,ณ​ หลังการแสดงสานผ้าซิ่นในพิพิธภัณฑ์ผ้าซิ่น ที่อำเภอลับแล จังหวัดอุตรดิตถ์,"B เป็นหัวหน้าหมู่บ้านของ A 
C Dเป็นเพื่อนบ้านของ A",การแสดงการสานผ้าซิ่นให้นักท่องเที่ยว,B ที่เป็นหัวหน้าหมู่บ้าน และผู้อาวุโส ได้แสดงโชว์การสานผ้าซิ่นให้นักท่องเที่ยวในพิพิธภัณฑ์ ด้วยความที่มีอายุมากทำให้ลืมวิธีการสานผ้า ทำให้ผ้าที่สานพันกันเป็นปม A ได้สังเกตเห็น,รักษาหน้าและให้เกียรติ,B จะคิดว่าไม่มีสัมมาคารวะ,ชื่นชมการแสดงของ B,,,,,2,,,1,1,,,
kj3 + Thai Cultural  (TH),,th,1-3-10-0-1,0-1,10,1,Fear respect,Angry,TRUE,FALSE,FALSE,ณ​ หลังการแสดงสานผ้าซิ่นในพิพิธภัณฑ์ผ้าซิ่น ที่อำเภอลับแล จังหวัดอุตรดิตถ์,"B เป็นหัวหน้าหมู่บ้านของ A 
C Dเป็นเพื่อนบ้านของ A",การแสดงการสานผ้าซิ่นให้นักท่องเที่ยว,B ที่เป็นหัวหน้าหมู่บ้าน และผู้อาวุโส ได้แสดงโชว์การสานผ้าซิ่นให้นักท่องเที่ยวในพิพิธภัณฑ์ ด้วยความที่มีอายุมากทำให้ลืมวิธีการสานผ้า ทำให้ผ้าที่สานพันกันเป็นปม A ได้สังเกตเห็น,รักษาหน้าและให้เกียรติ,B จะคิดว่าไม่มีสัมมาคารวะ,ชื่นชมการแสดงของ B,B สานผ้าผิดวิธี,,,,2,,,1,1,,,
kj3 + Thai Cultural  (TH),,th,1-3-10-0-2,0-2,10,1,Fear respect,Angry,FALSE,FALSE,FALSE,ณ​ หลังการแสดงสานผ้าซิ่นในพิพิธภัณฑ์ผ้าซิ่น ที่อำเภอลับแล จังหวัดอุตรดิตถ์,"B เป็นหัวหน้าหมู่บ้านของ A 
C Dเป็นเพื่อนบ้านของ A",การแสดงการสานผ้าซิ่นให้นักท่องเที่ยว,B ที่เป็นหัวหน้าหมู่บ้าน และผู้อาวุโส ได้แสดงโชว์การสานผ้าซิ่นให้นักท่องเที่ยวในพิพิธภัณฑ์ ด้วยความที่มีอายุมากทำให้ลืมวิธีการสานผ้า ทำให้ผ้าที่สานพันกันเป็นปม A ได้สังเกตเห็น,รักษาหน้าและให้เกียรติ,B จะคิดว่าไม่มีสัมมาคารวะ,ชอบวิธีการพูดของ B,B สานผ้าผิดวิธี,,,,2,,,1,1,,,
kj3 + Thai Cultural  (TH),,th,1-3-11-0-0,0-0,11,0,Fear respect,Angry,-,FALSE,TRUE,ณ โรงเรียนแห่งหนึ่งใน อำเภอเมืองอ่างทอง จังหวัดอ่างทอง ช่วงเคารพธงชาติ ตอนเช้า,"B เป็นครูของนักเรียน A
C D เป็นเพื่อนของ A",การตัดผมที่แถว,B ได้ประกาศตรวจผมหลังสวดมนต์ที่แถวเสร็จ และได้เจอว่า A ผมยาวจึงใช้กรรไกรตัดผม A ต่อหน้าทุกคนแบบไม่ได้ขออนุญาต และกฏหมายจากกระทรวงศึกษาไม่อนุญาตให้ครูตัดผมเด็ก,หลีกเลี่ยงการปะทะ,B จะโกรธที่เด็กไม่ฟังตนเองและโต้เถียง,ยอมรับผิด และยินดีให้ B ตัดผม,,,,,2,,,,2,1,,
kj3 + Thai Cultural  (TH),,th,1-3-11-0-1,0-1,11,1,Fear respect,Angry,TRUE,FALSE,TRUE,ณ โรงเรียนแห่งหนึ่งใน อำเภอเมืองอ่างทอง จังหวัดอ่างทอง ช่วงเคารพธงชาติ ตอนเช้า,"B เป็นครูของนักเรียน A
C D เป็นเพื่อนของ A",การตัดผมที่แถว,B ได้ประกาศตรวจผมหลังสวดมนต์ที่แถวเสร็จ และได้เจอว่า A ผมยาวจึงใช้กรรไกรตัดผม A ต่อหน้าทุกคนแบบไม่ได้ขออนุญาต และกฏหมายจากกระทรวงศึกษาไม่อนุญาตให้ครูตัดผมเด็ก,หลีกเลี่ยงการปะทะ,B จะโกรธที่เด็กไม่ฟังตนเองและโต้เถียง,ยอมรับผิด และยินดีให้ B ตัดผม,ควรโต้เเย้งเพื่อปกป้องสิทธิร่างกายตนเองและกฎหมายไม่อนุญาติ,,,,2,,,,2,1,,
kj3 + Thai Cultural  (TH),,th,1-3-11-0-2,0-2,11,1,Fear respect,Angry,FALSE,FALSE,TRUE,ณ โรงเรียนแห่งหนึ่งใน อำเภอเมืองอ่างทอง จังหวัดอ่างทอง ช่วงเคารพธงชาติ ตอนเช้า,"B เป็นครูของนักเรียน A
C D เป็นเพื่อนของ A",การตัดผมที่แถว,B ได้ประกาศตรวจผมหลังสวดมนต์ที่แถวเสร็จ และได้เจอว่า A ผมยาวจึงใช้กรรไกรตัดผม A ต่อหน้าทุกคนแบบไม่ได้ขออนุญาต และกฏหมายจากกระทรวงศึกษาไม่อนุญาตให้ครูตัดผมเด็ก,หลีกเลี่ยงการปะทะ,B จะโกรธที่เด็กไม่ฟังตนเองและโต้เถียง,ขอโทษและชี้แจงเหตุผลที่ผมยาว,ควรโต้เเย้งเพื่อปกป้องสิทธิร่างกายตนเองและกฎหมายไม่อนุญาติ,,,,2,,,,2,1,,
kj3 + Thai Cultural  (TH),,th,1-3-12-0-0,0-0,12,0,Fear respect,Angry,-,FALSE,FALSE,ณ​ สถาบันเอเชียตะวันออกศึกษา มหาวิทยาลัยธรรมศาสตร์,"B เป็นหัวหน้าของ A
C D เป็นเพื่อนร่วมงานของ A",การวางแผนการจัดกิจกรรมต้อนรับ นักเรียนเเลกเปลี่ยน,B ได้เรียกทุกคนมาประชุม นักเรียนแลกเปลี่ยนจากประเทศตะวันตก B ได้เสนอว่าต้องจัดในธีมของประเทศไทยโดย B ได้วางแผนการออกตามความคิดของตัวเองแบบระยะยาวแบบไม่ได้ถามความเห็นทางมหาวิทยาลัยก่อน,รักษาหน้าและหลีกเลี่ยงการปะทะกับ,B จะอับอายที่ถูกลูกน้องตำหนิ นำไปสู่ความข้องใจ,ยอมรับไอเดียของ B,,,,,2,,,,,2,,
kj3 + Thai Cultural  (TH),,th,1-3-12-0-1,0-1,12,1,Fear respect,Angry,TRUE,FALSE,FALSE,ณ​ สถาบันเอเชียตะวันออกศึกษา มหาวิทยาลัยธรรมศาสตร์,"B เป็นหัวหน้าของ A
C D เป็นเพื่อนร่วมงานของ A",การวางแผนการจัดกิจกรรมต้อนรับ นักเรียนเเลกเปลี่ยน,B ได้เรียกทุกคนมาประชุม นักเรียนแลกเปลี่ยนจากประเทศตะวันตก B ได้เสนอว่าต้องจัดในธีมของประเทศไทยโดย B ได้วางแผนการออกตามความคิดของตัวเองแบบระยะยาวแบบไม่ได้ถามความเห็นทางมหาวิทยาลัยก่อน,รักษาหน้าและหลีกเลี่ยงการปะทะกับ,B จะอับอายที่ถูกลูกน้องตำหนิ นำไปสู่ความข้องใจ,ยอมรับไอเดียของ B,ไม่ยอมรับการกระทำนี้ และ ขอความเห็นจากทุกคนในองค์ประชุมเกี่ยวกับเรื่องนี้,,,,2,,,,,2,,
kj3 + Thai Cultural  (TH),,th,1-3-12-0-2,0-2,12,1,Fear respect,Angry,FALSE,FALSE,FALSE,ณ​ สถาบันเอเชียตะวันออกศึกษา มหาวิทยาลัยธรรมศาสตร์,"B เป็นหัวหน้าของ A
C D เป็นเพื่อนร่วมงานของ A",การวางแผนการจัดกิจกรรมต้อนรับ นักเรียนเเลกเปลี่ยน,B ได้เรียกทุกคนมาประชุม นักเรียนแลกเปลี่ยนจากประเทศตะวันตก B ได้เสนอว่าต้องจัดในธีมของประเทศไทยโดย B ได้วางแผนการออกตามความคิดของตัวเองแบบระยะยาวแบบไม่ได้ถามความเห็นทางมหาวิทยาลัยก่อน,รักษาหน้าและหลีกเลี่ยงการปะทะกับ,B จะอับอายที่ถูกลูกน้องตำหนิ นำไปสู่ความข้องใจ,ขอความเห็นคนอื่นก่อน,ไม่ยอมรับการกระทำนี้ และ ขอความเห็นจากทุกคนในองค์ประชุมเกี่ยวกับเรื่องนี้,,,,2,,,,,2,,
kj3 + Thai Cultural  (TH),,th,1-3-13-0-0,0-0,13,0,Fear respect,Angry,-,FALSE,TRUE,ณ ถ้ำศักดิ์สิทธิ์กลางจังหวัดพัทลุง สำนักตักศิลาเขาอ้อ,"B เป็นหมอผีของ A
C D เป็นเพื่อนร่วมงานของ A",การลงยันต์เพิ่มโชคลาภ,A และทุกคนได้มาหา B ตามคำเล่าลือเพื่อมาลงยันต์เหรียญมงคลเพิ่มโชคลาภให้กับชีวิต แต่ B คิดค่าทำพิธีราคาเเพง,หลีกเลี่ยงการปะทะ,B จะโกรธและทำของใส่,ยอมจ่ายค่าครู,,,,,1,,,1,1,1,,
kj3 + Thai Cultural  (TH),,th,1-3-13-0-1,0-1,13,1,Fear respect,Angry,TRUE,FALSE,TRUE,ณ ถ้ำศักดิ์สิทธิ์กลางจังหวัดพัทลุง สำนักตักศิลาเขาอ้อ,"B เป็นหมอผีของ A
C D เป็นเพื่อนร่วมงานของ A",การลงยันต์เพิ่มโชคลาภ,A และทุกคนได้มาหา B ตามคำเล่าลือเพื่อมาลงยันต์เหรียญมงคลเพิ่มโชคลาภให้กับชีวิต แต่ B คิดค่าทำพิธีราคาเเพง,หลีกเลี่ยงการปะทะ,B จะโกรธและทำของใส่,ยอมจ่ายค่าครู,ไม่ยอมจ่ายค่าครู,,,,1,,,1,1,1,,
kj3 + Thai Cultural  (TH),,th,1-3-13-0-2,0-2,13,1,Fear respect,Angry,FALSE,FALSE,TRUE,ณ ถ้ำศักดิ์สิทธิ์กลางจังหวัดพัทลุง สำนักตักศิลาเขาอ้อ,"B เป็นหมอผีของ A
C D เป็นเพื่อนร่วมงานของ A",การลงยันต์เพิ่มโชคลาภ,A และทุกคนได้มาหา B ตามคำเล่าลือเพื่อมาลงยันต์เหรียญมงคลเพิ่มโชคลาภให้กับชีวิต แต่ B คิดค่าทำพิธีราคาเเพง,หลีกเลี่ยงการปะทะ,B จะโกรธและทำของใส่,สอบถามญาติที่เชื่อก่อน,ไม่ยอมจ่ายค่าครู,,,,1,,,1,1,1,,
kj3 + Thai Cultural  (TH),,th,1-3-14-0-0,0-0,14,0,Fear respect,Angry,-,FALSE,FALSE,บ้านพักของนายพล ในค่ายมหาจักรีสิรินธร จังหวัดสงขลา,"B เป็นลูกของนายพลของ A
C D เป็นเพื่อนร่วมทหารของ A",การใช้แรงงานของทหารเกณฑ์ที่ไม่จำเป็น,A ได้ถูกมอบหมายงานมาให้รับใช้งานบ้านของ B วันหนึ่ง B สั่ง Aให้ไปซักกางเกงในของ B,หลีกเลี่ยงการปะทะ,B จะโกรธและฟ้องพ่อตัวเอง สั่งลงโทษ,ยอมทำตามทำสั่ง,,,,,2,,,,,,,
kj3 + Thai Cultural  (TH),,th,1-3-14-0-1,0-1,14,1,Fear respect,Angry,TRUE,FALSE,FALSE,บ้านพักของนายพล ในค่ายมหาจักรีสิรินธร จังหวัดสงขลา,"B เป็นลูกของนายพลของ A
C D เป็นเพื่อนร่วมทหารของ A",การใช้แรงงานของทหารเกณฑ์ที่ไม่จำเป็น,A ได้ถูกมอบหมายงานมาให้รับใช้งานบ้านของ B วันหนึ่ง B สั่ง Aให้ไปซักกางเกงในของ B,หลีกเลี่ยงการปะทะ,B จะโกรธและฟ้องพ่อตัวเอง สั่งลงโทษ,ยอมทำตามทำสั่ง,ไม่ใช้หน้าที่ของตนเอง,,,,2,,,,,,,
kj3 + Thai Cultural  (TH),,th,1-3-14-0-2,0-2,14,1,Fear respect,Angry,FALSE,FALSE,FALSE,บ้านพักของนายพล ในค่ายมหาจักรีสิรินธร จังหวัดสงขลา,"B เป็นลูกของนายพลของ A
C D เป็นเพื่อนร่วมทหารของ A",การใช้แรงงานของทหารเกณฑ์ที่ไม่จำเป็น,A ได้ถูกมอบหมายงานมาให้รับใช้งานบ้านของ B วันหนึ่ง B สั่ง Aให้ไปซักกางเกงในของ B,หลีกเลี่ยงการปะทะ,B จะโกรธและฟ้องพ่อตัวเอง สั่งลงโทษ,แสดงความเคารพและแนะนำเพื่อนยศต่ำกว่าให้ทำ,ไม่ใช้หน้าที่ของตนเอง,,,,2,,,,,,,
kj3 + Thai Cultural  (TH),,th,1-3-15-0-0,0-0,15,0,Fear respect,Angry,-,FALSE,TRUE,งานรวมญาติของตระกูลเจ้าสัวโรงงานไม้จันทร์หอมที่ประจวบคีรีขันธ์,B C D เป็นครอบครัวของ A,การสืบทอดกิจการโรงงานแปรรูปไม้จันทร์หอม,ขณะกินข้าว B ได้บอกให้ A ลาออกจากงานเล่นดนตรีตามร้านเหล้าตอนกลางคืน มาสืบทอดกิจการโรงงานของตนเอง แต่ว่าAชอบงานปัจจุบันที่ทำอยู่และไม่ชอบงานโรงงาน,ไม่ทำให้ผิดหวัง,B จะโกรธที่ไม่ทำตามคำสั่งตัวเอง,ยอมทิ้งความฝัน ไปสืบทอดกิจการ,,,,,1,,1,1,,,,
kj3 + Thai Cultural  (TH),,th,1-3-15-0-1,0-1,15,1,Fear respect,Angry,TRUE,FALSE,TRUE,งานรวมญาติของตระกูลเจ้าสัวโรงงานไม้จันทร์หอมที่ประจวบคีรีขันธ์,B C D เป็นครอบครัวของ A,การสืบทอดกิจการโรงงานแปรรูปไม้จันทร์หอม,ขณะกินข้าว B ได้บอกให้ A ลาออกจากงานเล่นดนตรีตามร้านเหล้าตอนกลางคืน มาสืบทอดกิจการโรงงานของตนเอง แต่ว่าAชอบงานปัจจุบันที่ทำอยู่และไม่ชอบงานโรงงาน,ไม่ทำให้ผิดหวัง,B จะโกรธที่ไม่ทำตามคำสั่งตัวเอง,ยอมทิ้งความฝัน ไปสืบทอดกิจการ,ปฏิเสธเพื่อปกป้องความฝันตนเอง,,,,1,,1,1,,,,
kj3 + Thai Cultural  (TH),,th,1-3-15-0-2,0-2,15,1,Fear respect,Angry,FALSE,FALSE,TRUE,งานรวมญาติของตระกูลเจ้าสัวโรงงานไม้จันทร์หอมที่ประจวบคีรีขันธ์,B C D เป็นครอบครัวของ A,การสืบทอดกิจการโรงงานแปรรูปไม้จันทร์หอม,ขณะกินข้าว B ได้บอกให้ A ลาออกจากงานเล่นดนตรีตามร้านเหล้าตอนกลางคืน มาสืบทอดกิจการโรงงานของตนเอง แต่ว่าAชอบงานปัจจุบันที่ทำอยู่และไม่ชอบงานโรงงาน,ไม่ทำให้ผิดหวัง,B จะโกรธที่ไม่ทำตามคำสั่งตัวเอง,ขอเวลาไปศึกษาเพื่อสอบทอดกิจการ,ปฏิเสธเพื่อปกป้องความฝันตนเอง,,,,1,,1,1,,,,
kj3 + Thai Cultural  (TH),,th,1-3-16-0-0,0-0,16,0,Fear respect,Angry,-,FALSE,TRUE,ณ​ สำนักงานที่ดินจังหวัดนนทบุรี สาขาบางบัวทอง ในช่วงสิ้นปี,"B เป็นพนักงานฝ่ายทะเบียนของ ชาวบ้าน A
C D เป็นคนในท้องถิ่นของ A ",การเรียกรับสินบนในการเดินเรื่องเอกสารที่ดิน,B รับแฟ้มโฉนดที่ดิน (น.ส.4 จ.) ของ A ไปเปิดดูเอกสารผ่านๆ บอกว่าสารลายเซ็นพยานดูเลือนๆ และได้กระซิบว่าถ้ามีค่ากาแฟ 3 พันบาทจะลัดคิวให้เสร็จตอนเที่ยงนี้เลย,หลีกเลี่ยงการขัดใจ และดำเนินการเอกสารให้เสร็จเร็วที่สุด,B จะโกรธที่โดนขัดใจและ อาจจงใจทำเอกสารหาย ทำให้เรื่องล่าช้าไปอีก,ยอมจ่ายค่าสินบน,,,,,2,,,,1,1,,
kj3 + Thai Cultural  (TH),,th,1-3-16-0-1,0-1,16,1,Fear respect,Angry,TRUE,FALSE,TRUE,ณ​ สำนักงานที่ดินจังหวัดนนทบุรี สาขาบางบัวทอง ในช่วงสิ้นปี,"B เป็นพนักงานฝ่ายทะเบียนของ ชาวบ้าน A
C D เป็นคนในท้องถิ่นของ A ",การเรียกรับสินบนในการเดินเรื่องเอกสารที่ดิน,B รับแฟ้มโฉนดที่ดิน (น.ส.4 จ.) ของ A ไปเปิดดูเอกสารผ่านๆ บอกว่าสารลายเซ็นพยานดูเลือนๆ และได้กระซิบว่าถ้ามีค่ากาแฟ 3 พันบาทจะลัดคิวให้เสร็จตอนเที่ยงนี้เลย,หลีกเลี่ยงการขัดใจ และดำเนินการเอกสารให้เสร็จเร็วที่สุด,B จะโกรธที่โดนขัดใจและ อาจจงใจทำเอกสารหาย ทำให้เรื่องล่าช้าไปอีก,ยอมจ่ายค่าสินบน,พูดว่า B ต้องปฏิบัติหน้าที่ให้ถูกต้องไม่ใช้ติดสินบน,,,,2,,,,1,1,,
kj3 + Thai Cultural  (TH),,th,1-3-16-0-2,0-2,16,1,Fear respect,Angry,FALSE,FALSE,TRUE,ณ​ สำนักงานที่ดินจังหวัดนนทบุรี สาขาบางบัวทอง ในช่วงสิ้นปี,"B เป็นพนักงานฝ่ายทะเบียนของ ชาวบ้าน A
C D เป็นคนในท้องถิ่นของ A ",การเรียกรับสินบนในการเดินเรื่องเอกสารที่ดิน,B รับแฟ้มโฉนดที่ดิน (น.ส.4 จ.) ของ A ไปเปิดดูเอกสารผ่านๆ บอกว่าสารลายเซ็นพยานดูเลือนๆ และได้กระซิบว่าถ้ามีค่ากาแฟ 3 พันบาทจะลัดคิวให้เสร็จตอนเที่ยงนี้เลย,หลีกเลี่ยงการขัดใจ และดำเนินการเอกสารให้เสร็จเร็วที่สุด,B จะโกรธที่โดนขัดใจและ อาจจงใจทำเอกสารหาย ทำให้เรื่องล่าช้าไปอีก,พูดว่าน่าสนใจขอสอบถามทางบ้านก่อน,พูดว่า B ต้องปฏิบัติหน้าที่ให้ถูกต้องไม่ใช้ติดสินบน,,,,2,,,,1,1,,
kj3 + Thai Cultural  (TH),,th,1-3-17-0-0,0-0,17,0,Fear respect,Angry,-,FALSE,TRUE,ณ​ ไซต์งานรับเหมาก่อสร้างที่สวนพฤกษศาสตร์สมเด็จพระนางเจ้าสิริกิติ์ จังหวัดเชียงใหม่,"B เป็นคนคุมคนงานอาวุโส
A เป็นสถาปนิกจบใหม่
C D เป็นคนงาน",แก้แบบก่อสร้างหน้างานโดยพละการ,B สั่งเทปูนเสาเข็มของสะพานโดยไม่รอ A ตรวจสอบเหล็กเสริม พอ A มาถึง B ก็บอกให้เชื่อในประสบการณ์ของB ให้A เซ็นรับรองผ่านๆไป,ทำให้งานเดินต่อไปตามกำหนด และเลี่ยงการปะทะ,Bจะโกรธที่โดนหักหน้า และ โดนอิทธิพลของ B ที่มีอำนาจคุมคนงานมากลั่นแกล้ง,ยอมเซ็นรับรอง,,,,,1,1,,,,,,
kj3 + Thai Cultural  (TH),,th,1-3-17-0-1,0-1,17,1,Fear respect,Angry,TRUE,FALSE,TRUE,ณ​ ไซต์งานรับเหมาก่อสร้างที่สวนพฤกษศาสตร์สมเด็จพระนางเจ้าสิริกิติ์ จังหวัดเชียงใหม่,"B เป็นคนคุมคนงานอาวุโส
A เป็นสถาปนิกจบใหม่
C D เป็นคนงาน",แก้แบบก่อสร้างหน้างานโดยพละการ,B สั่งเทปูนเสาเข็มของสะพานโดยไม่รอ A ตรวจสอบเหล็กเสริม พอ A มาถึง B ก็บอกให้เชื่อในประสบการณ์ของB ให้A เซ็นรับรองผ่านๆไป,ทำให้งานเดินต่อไปตามกำหนด และเลี่ยงการปะทะ,Bจะโกรธที่โดนหักหน้า และ โดนอิทธิพลของ B ที่มีอำนาจคุมคนงานมากลั่นแกล้ง,ยอมเซ็นรับรอง,ไม่ยอมเซ็นรับรองเพราะการก่อสร้างอาจไม่ได้มาตรฐาน,,,,1,1,,,,,,
kj3 + Thai Cultural  (TH),,th,1-3-17-0-2,0-2,17,1,Fear respect,Angry,FALSE,FALSE,TRUE,ณ​ ไซต์งานรับเหมาก่อสร้างที่สวนพฤกษศาสตร์สมเด็จพระนางเจ้าสิริกิติ์ จังหวัดเชียงใหม่,"B เป็นคนคุมคนงานอาวุโส
A เป็นสถาปนิกจบใหม่
C D เป็นคนงาน",แก้แบบก่อสร้างหน้างานโดยพละการ,B สั่งเทปูนเสาเข็มของสะพานโดยไม่รอ A ตรวจสอบเหล็กเสริม พอ A มาถึง B ก็บอกให้เชื่อในประสบการณ์ของB ให้A เซ็นรับรองผ่านๆไป,ทำให้งานเดินต่อไปตามกำหนด และเลี่ยงการปะทะ,Bจะโกรธที่โดนหักหน้า และ โดนอิทธิพลของ B ที่มีอำนาจคุมคนงานมากลั่นแกล้ง,ต่อรองเงินเพิ่มเติม,ไม่ยอมเซ็นรับรองเพราะการก่อสร้างอาจไม่ได้มาตรฐาน,,,,1,1,,,,,,
kj3 + Thai Cultural  (TH),,th,1-3-18-0-0,0-0,18,0,Fear respect,Angry,-,FALSE,TRUE,ณ งานศพญาติผู้ใหญ่ ตระกูลคนจีน,"B เป็นอากู๋ของ A
C D เป็นญาติของ A",การเหยียดอาชีพในเครือญาติตัวเอง,B ถาม A กลางวงข้าวต้มว่า ยังทำงานเงินน้อยอย่างเดินขายพวงมาลัยอยู่อีกเหรอ เมื่อไหร่จะหางานมั่นคงแบบลูกตัวเอง,เพื่อรักษาหน้าพ่อแม่ และไม่ให้เกิดปากเสียงในงานศพ,B จะตำหนิ ครอบครัวที่ไม่เลี้ยงดูลูกให้ดี,ยอมรับสิ่งที่ B พูด,,,,,,,,,,,,
kj3 + Thai Cultural  (TH),,th,1-3-18-0-1,0-1,18,1,Fear respect,Angry,TRUE,FALSE,TRUE,ณ งานศพญาติผู้ใหญ่ ตระกูลคนจีน,"B เป็นอากู๋ของ A
C D เป็นญาติของ A",การเหยียดอาชีพในเครือญาติตัวเอง,B ถาม A กลางวงข้าวต้มว่า ยังทำงานเงินน้อยอย่างเดินขายพวงมาลัยอยู่อีกเหรอ เมื่อไหร่จะหางานมั่นคงแบบลูกตัวเอง,เพื่อรักษาหน้าพ่อแม่ และไม่ให้เกิดปากเสียงในงานศพ,B จะตำหนิ ครอบครัวที่ไม่เลี้ยงดูลูกให้ดี,ยอมรับสิ่งที่ B พูด,ตนเองทำงานโปรแกรมเมอร์กลางคืนได้เงินเดือนเยอะกว่าลูกของ B แต่ขายพวงมาลัยเพราะเป็นอาชีพพ่อแม่,,,,,,,,1,,,
kj3 + Thai Cultural  (TH),,th,1-3-18-0-2,0-2,18,1,Fear respect,Angry,FALSE,FALSE,TRUE,ณ งานศพญาติผู้ใหญ่ ตระกูลคนจีน,"B เป็นอากู๋ของ A
C D เป็นญาติของ A",การเหยียดอาชีพในเครือญาติตัวเอง,B ถาม A กลางวงข้าวต้มว่า ยังทำงานเงินน้อยอย่างเดินขายพวงมาลัยอยู่อีกเหรอ เมื่อไหร่จะหางานมั่นคงแบบลูกตัวเอง,เพื่อรักษาหน้าพ่อแม่ และไม่ให้เกิดปากเสียงในงานศพ,B จะตำหนิ ครอบครัวที่ไม่เลี้ยงดูลูกให้ดี,ขอบคุณ B ที่ช่วยตักเตือน,ตนเองทำงานโปรแกรมเมอร์กลางคืนได้เงินเดือนเยอะกว่าลูกของ B แต่ขายพวงมาลัยเพราะเป็นอาชีพพ่อแม่,,,,,,,,,,,
kj3 + Thai Cultural  (TH),,th,1-3-19-0-0,0-0,19,0,Fear respect,Angry,-,FALSE,TRUE,ณ คืนวันศุกร์ ด่านตรวจแอลกอฮอล์ ถนนวิภาวดีรังสิต,"B เป็นตำรวจจราจร
A C Dเป็นเพื่อนกัน",การต่อรองเพื่อไม่ให้เป่า/จับกุม,A ได้ดื่มสังสรรค์หลังทำโปรเจกต์จบก่อนมาขับรถ B จับได้ว่าเมาแล้วขับจึงเรียก A ลงจากรถมาแล้วถามว่าจ่ายตรงนี้ หรือ ไปคุยที่โรงพักเรื่องยาว ขึ้นศาล ประกันตัววุ่นวาย,เพื่อหลีกเลี่ยงคดีความและการขึ้นศาลที่ยุ่งยาก,B จะโกรธที่ไม่สามารถรีดไถได้ จึงส่งเข้ากระบวนการทางกฎหมายที่เสียเวลาและอาจเสียประวัติ,ยอมจ่ายค่าสินบน,,,,,1,,,,,,,
kj3 + Thai Cultural  (TH),,th,1-3-19-0-1,0-1,19,1,Fear respect,Angry,TRUE,FALSE,TRUE,ณ คืนวันศุกร์ ด่านตรวจแอลกอฮอล์ ถนนวิภาวดีรังสิต,"B เป็นตำรวจจราจร
A C Dเป็นเพื่อนกัน",การต่อรองเพื่อไม่ให้เป่า/จับกุม,A ได้ดื่มสังสรรค์หลังทำโปรเจกต์จบก่อนมาขับรถ B จับได้ว่าเมาแล้วขับจึงเรียก A ลงจากรถมาแล้วถามว่าจ่ายตรงนี้ หรือ ไปคุยที่โรงพักเรื่องยาว ขึ้นศาล ประกันตัววุ่นวาย,เพื่อหลีกเลี่ยงคดีความและการขึ้นศาลที่ยุ่งยาก,B จะโกรธที่ไม่สามารถรีดไถได้ จึงส่งเข้ากระบวนการทางกฎหมายที่เสียเวลาและอาจเสียประวัติ,ยอมจ่ายค่าสินบน,ปฏิเสธและขอเป่าตรวจเแอลกอฮอล์,,,,1,,,,,,,
kj3 + Thai Cultural  (TH),,th,1-3-19-0-2,0-2,19,1,Fear respect,Angry,FALSE,FALSE,TRUE,ณ คืนวันศุกร์ ด่านตรวจแอลกอฮอล์ ถนนวิภาวดีรังสิต,"B เป็นตำรวจจราจร
A C Dเป็นเพื่อนกัน",การต่อรองเพื่อไม่ให้เป่า/จับกุม,A ได้ดื่มสังสรรค์หลังทำโปรเจกต์จบก่อนมาขับรถ B จับได้ว่าเมาแล้วขับจึงเรียก A ลงจากรถมาแล้วถามว่าจ่ายตรงนี้ หรือ ไปคุยที่โรงพักเรื่องยาว ขึ้นศาล ประกันตัววุ่นวาย,เพื่อหลีกเลี่ยงคดีความและการขึ้นศาลที่ยุ่งยาก,B จะโกรธที่ไม่สามารถรีดไถได้ จึงส่งเข้ากระบวนการทางกฎหมายที่เสียเวลาและอาจเสียประวัติ,ขอสอบถามเจ้าหน้าที่คนอื่นก่อน,ปฏิเสธและขอเป่าตรวจเแอลกอฮอล์,,,,1,,,,,,,
kj3 + Thai Cultural  (TH),,th,1-3-20-0-0,0-0,20,0,Fear respect,Angry,-,FALSE,FALSE,ณ​ ห้องพักครูหมวดสังคม โรงเรียนมัธยมประจำจังหวัดราชบุรี,"B เป็นหัวหน้าหมวดวิชาสังคม
A C D เป็นครูหมวดวิชาสังคม",การขายตรงในเวลางาน,ในช่วงพักเที่ยง B เรียก A เข้าไปคุย แล้วหยิบโบรชัวร์ประกันชีวิตมาขาย โดยพูดกดดันว่าถือว่าอุดหนุนและ บอกว่า A เหลือเงินเก็บเยอะ,เพื่อรักษาความสัมพันธ์กับหัวหน้าหมวด และเลี่ยงปัญหาในการประเมินเลื่อนขั้นเงินเดือน,กลัวอำนาจมืดของ B ที่สนิทกับ ผอ. หากปฏิเสธอาจโดนแกล้ง,ตอบกลับว่าสนใจ,,,,,1,,,,,2,,
kj3 + Thai Cultural  (TH),,th,1-3-20-0-1,0-1,20,1,Fear respect,Angry,TRUE,FALSE,FALSE,ณ​ ห้องพักครูหมวดสังคม โรงเรียนมัธยมประจำจังหวัดราชบุรี,"B เป็นหัวหน้าหมวดวิชาสังคม
A C D เป็นครูหมวดวิชาสังคม",การขายตรงในเวลางาน,ในช่วงพักเที่ยง B เรียก A เข้าไปคุย แล้วหยิบโบรชัวร์ประกันชีวิตมาขาย โดยพูดกดดันว่าถือว่าอุดหนุนและ บอกว่า A เหลือเงินเก็บเยอะ,เพื่อรักษาความสัมพันธ์กับหัวหน้าหมวด และเลี่ยงปัญหาในการประเมินเลื่อนขั้นเงินเดือน,กลัวอำนาจมืดของ B ที่สนิทกับ ผอ. หากปฏิเสธอาจโดนแกล้ง,ตอบกลับว่าสนใจ,ปฏิเสธแพราะไม่สนใจ,,,,1,,,,,2,,
kj3 + Thai Cultural  (TH),,th,1-3-20-0-2,0-2,20,1,Fear respect,Angry,FALSE,FALSE,FALSE,ณ​ ห้องพักครูหมวดสังคม โรงเรียนมัธยมประจำจังหวัดราชบุรี,"B เป็นหัวหน้าหมวดวิชาสังคม
A C D เป็นครูหมวดวิชาสังคม",การขายตรงในเวลางาน,ในช่วงพักเที่ยง B เรียก A เข้าไปคุย แล้วหยิบโบรชัวร์ประกันชีวิตมาขาย โดยพูดกดดันว่าถือว่าอุดหนุนและ บอกว่า A เหลือเงินเก็บเยอะ,เพื่อรักษาความสัมพันธ์กับหัวหน้าหมวด และเลี่ยงปัญหาในการประเมินเลื่อนขั้นเงินเดือน,กลัวอำนาจมืดของ B ที่สนิทกับ ผอ. หากปฏิเสธอาจโดนแกล้ง,มีคนที่สนใจทำประกันอยู่,ปฏิเสธแพราะไม่สนใจ,,,,1,,,,,2,,
kj3 + Thai Cultural  (TH),,th,1-3-21-0-0,0-0,21,0,Fear respect,Angry,-,FALSE,TRUE,ณ ร้านลาบ หน้าโรงงานนิคมอุตสาหกรรมอมตะซิตี้ ชลบุรี,"B เป็นหัวหน้าไลน์การผลิต 
A เป็นพนักงานไลน์ 
C D เพื่อนร่วมงาน ของ A",เบี้ยวคืนเงิน,หลังเลิกกะ B ชวน A ไปทานข้าวแล้วแกล้งทำกระเป๋าตังค์หายจึงบอก A ให้ออกไปก่อนเดี๋ยวกดคืนให้พรุ่งนี้ ซึ่ง A รู้ว่าทวงยากมากเพราะเคยให้ยืม,รักษาน้ำใจหัวหน้า,B จะโกรธและใช้อำนาจของ B ทำให้ทำงานยาก,ยอมจ่ายเงินให้,,,,,2,,,,,1,1,
kj3 + Thai Cultural  (TH),,th,1-3-21-0-1,0-1,21,1,Fear respect,Angry,TRUE,FALSE,TRUE,ณ ร้านลาบ หน้าโรงงานนิคมอุตสาหกรรมอมตะซิตี้ ชลบุรี,"B เป็นหัวหน้าไลน์การผลิต 
A เป็นพนักงานไลน์ 
C D เพื่อนร่วมงาน ของ A",เบี้ยวคืนเงิน,หลังเลิกกะ B ชวน A ไปทานข้าวแล้วแกล้งทำกระเป๋าตังค์หายจึงบอก A ให้ออกไปก่อนเดี๋ยวกดคืนให้พรุ่งนี้ ซึ่ง A รู้ว่าทวงยากมากเพราะเคยให้ยืม,รักษาน้ำใจหัวหน้า,B จะโกรธและใช้อำนาจของ B ทำให้ทำงานยาก,ยอมจ่ายเงินให้,ปฏิเสธและทวงเงินที่เคยยืม,,,,2,,,,,1,1,
kj3 + Thai Cultural  (TH),,th,1-3-21-0-2,0-2,21,1,Fear respect,Angry,FALSE,FALSE,TRUE,ณ ร้านลาบ หน้าโรงงานนิคมอุตสาหกรรมอมตะซิตี้ ชลบุรี,"B เป็นหัวหน้าไลน์การผลิต 
A เป็นพนักงานไลน์ 
C D เพื่อนร่วมงาน ของ A",เบี้ยวคืนเงิน,หลังเลิกกะ B ชวน A ไปทานข้าวแล้วแกล้งทำกระเป๋าตังค์หายจึงบอก A ให้ออกไปก่อนเดี๋ยวกดคืนให้พรุ่งนี้ ซึ่ง A รู้ว่าทวงยากมากเพราะเคยให้ยืม,รักษาน้ำใจหัวหน้า,B จะโกรธและใช้อำนาจของ B ทำให้ทำงานยาก,ให้เพื่อนคนอื่นจ่ายให้ก่อน,ปฏิเสธและทวงเงินที่เคยยืม,,,,2,,,,,1,1,
kj3 + Thai Cultural  (TH),,th,1-3-22-0-0,0-0,22,0,Fear respect,Angry,-,FALSE,FALSE,ณ ห้องภาควิชาเคมี มหาวิทยาลัยรัฐชื่อดัง ย่านพญาไท,"B เป็นอาจารย์ที่ปรึกษา
A C D เป็นนักศึกษา ป.เอก",การขโมยผลงานทางวิชาการ,B บังคับให้ A ใส่ชื่อ B เป็นผู้แต่งคนแรกในงานวิจัยที่ A ทำเองทั้งหมดเพื่อ B จะได้นำไปขอตำแหน่งวิชาการ โดยอ้างว่าถ้า Bได้เป็นชื่อแรกจะสามารถเบิกทุนของมหาลัยได้,เพื่อที่จะได้ทุนมาสมัครตีพิมพ์งานวิจัย,B จะโกรธและใช้อำนาจของ B ในวงการวิชาการ หากขัดใจอาจไม่เซ็นจบการศึกษา หรือถูก Discredit เวลาไปสมัครงานที่อื่น,ยอมให้ B เป็นผู้แต่งคนแรก,,,,,1,,,,,,,
kj3 + Thai Cultural  (TH),,th,1-3-22-0-1,0-1,22,1,Fear respect,Angry,TRUE,FALSE,FALSE,ณ ห้องภาควิชาเคมี มหาวิทยาลัยรัฐชื่อดัง ย่านพญาไท,"B เป็นอาจารย์ที่ปรึกษา
A C D เป็นนักศึกษา ป.เอก",การขโมยผลงานทางวิชาการ,B บังคับให้ A ใส่ชื่อ B เป็นผู้แต่งคนแรกในงานวิจัยที่ A ทำเองทั้งหมดเพื่อ B จะได้นำไปขอตำแหน่งวิชาการ โดยอ้างว่าถ้า B ได้เป็นชื่อแรกจะสามารถเบิกทุนของมหาลัยได้,เพื่อที่จะได้ทุนมาสมัครตีพิมพ์งานวิจัย,B จะโกรธและใช้อำนาจของ B ในวงการวิชาการ หากขัดใจอาจไม่เซ็นจบการศึกษา หรือถูก Discredit เวลาไปสมัครงานที่อื่น,ยอมให้ B เป็นผู้แต่งคนแรก,ปฏิเสธ ไม่ยอมให้Bเป็นผู้แต่งคนแรก,,,,1,,,,,,,
kj3 + Thai Cultural  (TH),,th,1-3-22-0-2,0-2,22,1,Fear respect,Angry,FALSE,FALSE,FALSE,ณ ห้องภาควิชาเคมี มหาวิทยาลัยรัฐชื่อดัง ย่านพญาไท,"B เป็นอาจารย์ที่ปรึกษา
A C D เป็นนักศึกษา ป.เอก",การขโมยผลงานทางวิชาการ,B บังคับให้ A ใส่ชื่อ B เป็นผู้แต่งคนแรกในงานวิจัยที่ A ทำเองทั้งหมดเพื่อ B จะได้นำไปขอตำแหน่งวิชาการ โดยอ้างว่าถ้า Bได้เป็นชื่อแรกจะสามารถเบิกทุนของมหาลัยได้,เพื่อที่จะได้ทุนมาสมัครตีพิมพ์งานวิจัย,B จะโกรธและใช้อำนาจของ B ในวงการวิชาการ หากขัดใจอาจไม่เซ็นจบการศึกษา หรือถูก Discredit เวลาไปสมัครงานที่อื่น,ยินดีถ้าทุกคนอนุญาติแล้ว,ปฏิเสธ ไม่ยอมให้Bเป็นผู้แต่งคนแรก,,,,1,,,,,,,
kj3 + Thai Cultural  (TH),,th,1-3-23-0-0,0-0,23,0,Fear respect,Angry,-,FALSE,TRUE,ณ ห้องสัมภาษณ์ การรับนักศึกษาชั้นปริญญาตรี มหาวิทยาลัยเกษตรศาสตร์รอบคัดเลือกจากผลงาน portfolio,"B เป็นผู้สัมภาษณ์ A
C D เป็นผู้ร่วมสัมภาษณ์",คุยกันเรื่อง เปอร์เซ็นต์การมีส่วนร่วมในผลงาน B,ระหว่างสัมภาษณ์ B สอบถาม A เรื่องการมีส่วนร่วมในผลงานที่ใช้ยื่นเข้ามหาลัยเนื่องจากมีโปรเจ็คที่ตนทำงานเป็นทีม 4 คน A จึงเริ่มโกหกเกี่ยวกับการมีส่วนร่วม,หลีกเลี่ยงการขัดใจ,B จะโกรธและมองว่าเป็นพวกเคลมงานกลุ่ม,พูดว่าทุกคนมีส่วนร่วมเท่ากัน,,,,,1,,,,,,,
kj3 + Thai Cultural  (TH),,th,1-3-23-0-1,0-1,23,1,Fear respect,Angry,TRUE,FALSE,TRUE,ณ ห้องสัมภาษณ์ การรับนักศึกษาชั้นปริญญาตรี มหาวิทยาลัยเกษตรศาสตร์รอบคัดเลือกจากผลงาน portfolio,"B เป็นผู้สัมภาษณ์ A
C D เป็นผู้ร่วมสัมภาษณ์",คุยกันเรื่อง เปอร์เซ็นต์การมีส่วนร่วมในผลงาน B,ระหว่างสัมภาษณ์ B สอบถาม A เรื่องการมีส่วนร่วมในผลงานที่ใช้ยื่นเข้ามหาลัยเนื่องจากมีโปรเจ็คที่ตนทำงานเป็นทีม 4 คน A จึงเริ่มโกหกเกี่ยวกับการมีส่วนร่วม,หลีกเลี่ยงการขัดใจ,B จะโกรธและมองว่าเป็นพวกเคลมงานกลุ่ม,พูดว่าทุกคนมีส่วนร่วมเท่ากัน,A มีส่วนร่วมประมาณ 70% ของทั้งงาน,,,,1,,,,,,,
kj3 + Thai Cultural  (TH),,th,1-3-23-0-2,0-2,23,1,Fear respect,Angry,FALSE,FALSE,TRUE,ณ ห้องสัมภาษณ์ การรับนักศึกษาชั้นปริญญาตรี มหาวิทยาลัยเกษตรศาสตร์รอบคัดเลือกจากผลงาน portfolio,"B เป็นผู้สัมภาษณ์ A
C D เป็นผู้ร่วมสัมภาษณ์",คุยกันเรื่อง เปอร์เซ็นต์การมีส่วนร่วมในผลงาน B,ระหว่างสัมภาษณ์ B สอบถาม A เรื่องการมีส่วนร่วมในผลงานที่ใช้ยื่นเข้ามหาลัยเนื่องจากมีโปรเจ็คที่ตนทำงานเป็นทีม 4 คน A จึงเริ่มโกหกเกี่ยวกับการมีส่วนร่วม,หลีกเลี่ยงการขัดใจ,B จะโกรธและมองว่าเป็นพวกเคลมงานกลุ่ม,พูดว่าให้ลองถามอาจารย์ที่ปรึกษาเพราะตนได้ทำตามที่ได้รับมอบหมายไว้เเล้ว,A มีส่วนร่วมประมาณ 70% ของทั้งงาน,,,,1,,,,,,,
kj3 + Thai Cultural  (TH),,th,1-3-24-0-0,0-0,24,0,Fear respect,Angry,-,FALSE,TRUE,ณ ใต้ตึกคณะวิศวกรรมศาสตร์ มหาวิทยาลัยธรรมศาสตร์,"B เป็นหัวหน้าแม่บ้านทำความสะอาด A
C D เป็นเพื่อนร่วมงาน",คุยกันเรื่องการทำความสะอาดชั้น 4 เวลา 10 pm,ตึกคณะชั้น 4 มีบรรยากาศหน้ากลัวและมีอาถรรพ์การเสียชีวิตของนักเรียนทำให้ หัวหน้าทำความสะอาด B จึงใช้ A ไปทำความสะอาดชั้น 4 นั้น,หลีกเลี่ยงการขัดใจ,B จะโกรธ,ยอมทำตามทำสั่งของ B,,,,,1,,,,,1,,
kj3 + Thai Cultural  (TH),,th,1-3-24-0-1,0-1,24,1,Fear respect,Angry,TRUE,FALSE,TRUE,ณ ใต้ตึกคณะวิศวกรรมศาสตร์ มหาวิทยาลัยธรรมศาสตร์,"B เป็นหัวหน้าแม่บ้านทำความสะอาด A
C D เป็นเพื่อนร่วมงาน",คุยกันเรื่องการทำความสะอาดชั้น 4 เวลา 10 pm,ตึกคณะชั้น 4 มีบรรยากาศหน้ากลัวและมีอาถรรพ์การเสียชีวิตของนักเรียนทำให้ หัวหน้าทำความสะอาด B จึงใช้ A ไปทำความสะอาดชั้น 4 นั้น,หลีกเลี่ยงการขัดใจ,B จะโกรธ,ยอมทำตามทำสั่งของ B,ไม่ไปเพราะเป็นเวรหน้าที่ของ B,,,,1,,,,,1,,
kj3 + Thai Cultural  (TH),,th,1-3-24-0-2,0-2,24,1,Fear respect,Angry,FALSE,FALSE,TRUE,ณ ใต้ตึกคณะวิศวกรรมศาสตร์ มหาวิทยาลัยธรรมศาสตร์,"B เป็นหัวหน้าแม่บ้านทำความสะอาด A
C D เป็นเพื่อนร่วมงาน",คุยกันเรื่องการทำความสะอาดชั้น 4 เวลา 10 pm,ตึกคณะชั้น 4 มีบรรยากาศหน้ากลัวและมีอาถรรพ์การเสียชีวิตของนักเรียนทำให้ หัวหน้าทำความสะอาด B จึงใช้ A ไปทำความสะอาดชั้น 4 นั้น,หลีกเลี่ยงการขัดใจ,B จะโกรธ,พูดว่าแนะนำเพื่อนไปทำแทน,ไม่ไปเพราะเป็นเวรหน้าที่ของ B,,,,1,,,,,1,,
kj3 + Thai Cultural  (TH),,th,1-3-25-0-0,0-0,25,0,Fear respect,Angry,-,FALSE,FALSE,ณ ร้านกาแฟอินทนิล,"B เป็นหัวหน้าของ A
C D เป็นเพื่อนร่วมงานของ A",คุยกันเรื่องการเก็บเมล็ดกาแฟไทย,ครอบครัว A มีอาชีพเก็บเมล็ดกาแฟ ระหว่างการเก็บถุงเมล็ดกาแฟในร้านกาแฟ A แนะนำให้เก็บไว้ในที่อุณหภูมิต่ำกว่าอุณหภูมิห้องนิดหน่อย แต่ B สั้งไว้ว่าเก็บไว้ในอุณหภูมิห้อง,รักษาหน้าและให้เกียรติหัวหน้า,B จะโมโหและจะส่งผลต่อความสัมพันธ์,ยอมทำตามคำสั่งของ B,,,,,,,1,,,1,1,
kj3 + Thai Cultural  (TH),,th,1-3-25-0-1,0-1,25,1,Fear respect,Angry,TRUE,FALSE,FALSE,ณ ร้านกาแฟอินทนิล,"B เป็นหัวหน้าของ A
C D เป็นเพื่อนร่วมงานของ A",คุยกันเรื่องการเก็บเมล็ดกาแฟไทย,ครอบครัว A มีอาชีพเก็บเมล็ดกาแฟ ระหว่างการเก็บถุงเมล็ดกาแฟในร้านกาแฟ A แนะนำให้เก็บไว้ในที่อุณหภูมิต่ำกว่าอุณหภูมิห้องนิดหน่อย แต่ B สั้งไว้ว่าเก็บไว้ในอุณหภูมิห้อง,รักษาหน้าและให้เกียรติหัวหน้า,B จะโมโหและจะส่งผลต่อความสัมพันธ์,ยอมทำตามคำสั่งของ B,ไม่เพราะจากประสปการณ์ที่บ้านเป็นการเก็บกาแฟที่เหมาะสม,,,,,,1,,,1,1,
kj3 + Thai Cultural  (TH),,th,1-3-25-0-2,0-2,25,1,Fear respect,Angry,FALSE,FALSE,FALSE,ณ ร้านกาแฟอินทนิล,"B เป็นหัวหน้าของ A
C D เป็นเพื่อนร่วมงานของ A",คุยกันเรื่องการเก็บเมล็ดกาแฟไทย,ครอบครัว A มีอาชีพเก็บเมล็ดกาแฟ ระหว่างการเก็บถุงเมล็ดกาแฟในร้านกาแฟ A แนะนำให้เก็บไว้ในที่อุณหภูมิต่ำกว่าอุณหภูมิห้องนิดหน่อย แต่ B สั้งไว้ว่าเก็บไว้ในอุณหภูมิห้อง,รักษาหน้าและให้เกียรติหัวหน้า,B จะโมโหและจะส่งผลต่อความสัมพันธ์,พูดว่าแนะนำเพื่อนไปทำแทน,ไม่เพราะจากประสปการณ์ที่บ้านเป็นการเก็บกาแฟที่เหมาะสม,,,,,,1,,,1,1,
kj3 + Thai Cultural  (TH),,th,1-3-26-0-0,0-0,26,0,Fear respect,Angry,-,FALSE,TRUE,ณ โคราช ช่วงเดือนมิถุนายน,"B เป็นหัวหน้าหมู่บ้านของ A 
C Dเป็นเพื่อนบ้านของ A",การแจ้งเรื่องทุนสนับสนุนการเกษตร,ธนาคารเพื่อการเกษตรและสหกรณ์การเกษตร ให้ทุนชาวนาไปปลูกข้าวไร่ละ 1000 บาท ต่อครัวเรือน โดยแจกผ่าน B แล้ว โดย B จะแจกให้ตามชาวบ้านที่มารับแต่ A กำลังไปรับและพบว่าเงินสนับสนุนหมดแล้ว,รักษาหน้า,B โกรธและกลัวถูกชาวบ้านนินทาว่าเป็นคนธุจริต,B นับถูกแล้วและยอมรับผล และชวน​ A ไปพูดคุยหาทางเเก้ไข,,,,,1,,,,,1,,
kj3 + Thai Cultural  (TH),,th,1-3-26-0-1,0-1,26,1,Fear respect,Angry,TRUE,FALSE,TRUE,ณ โคราช ช่วงเดือนมิถุนายน,"B เป็นหัวหน้าหมู่บ้านของ A 
C Dเป็นเพื่อนบ้านของ A",การแจ้งเรื่องทุนสนับสนุนการเกษตร,ธนาคารเพื่อการเกษตรและสหกรณ์การเกษตร ให้ทุนชาวนาไปปลูกข้าวไร่ละ 1000 บาท ต่อครัวเรือน โดยแจกผ่าน B แล้ว โดย B จะแจกให้ตามชาวบ้านที่มารับแต่ A กำลังไปรับและพบว่าเงินสนับสนุนหมดแล้ว,รักษาหน้า,B โกรธและกลัวถูกชาวบ้านนินทาว่าเป็นคนธุจริต,B นับถูกแล้วและยอมรับผล และชวน​ A ไปพูดคุยหาทางเเก้ไข,B นับจำนวนตกหล่นทำให้ A ไม่ได้รับ,,,,1,,,,,1,,
kj3 + Thai Cultural  (TH),,th,1-3-26-0-2,0-2,26,1,Fear respect,Angry,FALSE,FALSE,TRUE,ณ โคราช ช่วงเดือนมิถุนายน,"B เป็นหัวหน้าหมู่บ้านของ A 
C Dเป็นเพื่อนบ้านของ A",การแจ้งเรื่องทุนสนับสนุนการเกษตร,ธนาคารเพื่อการเกษตรและสหกรณ์การเกษตร ให้ทุนชาวนาไปปลูกข้าวไร่ละ 1000 บาท ต่อครัวเรือน โดยแจกผ่าน B แล้ว โดย B จะแจกให้ตามชาวบ้านที่มารับแต่ A กำลังไปรับและพบว่าเงินสนับสนุนหมดแล้ว,รักษาหน้า,B โกรธและกลัวถูกชาวบ้านนินทาว่าเป็นคนธุจริต,ไม่ดำเนินการอะไร,B นับจำนวนตกหล่นทำให้ A ไม่ได้รับ,,,,1,,,,,1,,
kj3 + Thai Cultural  (TH),,th,1-3-27-0-0,0-0,27,0,Fear respect,Angry,-,FALSE,TRUE,ณ โรงงานผลิตชิ้นส่วนยานยนต์ในเขตอุตสาหกรรมอมตะนคร ชลบุรี,B เป็นผู้จัดการฝ่ายผลิตของ A C D เป็นหัวหน้ากะของ A,การซ่อมแซมเครื่องจักรที่เสียหาย,เครื่องจักรสำคัญในสายการผลิตพังเสียหาย ซึ่ง A ได้แจ้ง B ล่วงหน้าเป็นเดือนแล้วแต่ B เพิกเฉยต่อคำเตือนของ A เมื่อเครื่องจักรเสียจริง B โกรธและเรียก A เข้ามาต่อว่า,หลีกเลื่องการถูกตรวจสอบ,B จะโกรธและถูกตรวจสอบ,ยอมรับผิดและรับปากว่าจะตรวจสอบเครื่องจักรให้ดีขึ้น,,,,,2,,,,,,,
kj3 + Thai Cultural  (TH),,th,1-3-27-0-1,0-1,27,1,Fear respect,Angry,TRUE,FALSE,TRUE,ณ โรงงานผลิตชิ้นส่วนยานยนต์ในเขตอุตสาหกรรมอมตะนคร ชลบุรี,B เป็นผู้จัดการฝ่ายผลิตของ A C D เป็นหัวหน้ากะของ A,การซ่อมแซมเครื่องจักรที่เสียหาย,เครื่องจักรสำคัญในสายการผลิตพังเสียหาย ซึ่ง A ได้แจ้ง B ล่วงหน้าเป็นเดือนแล้วแต่ B เพิกเฉยต่อคำเตือนของ A เมื่อเครื่องจักรเสียจริง B โกรธและเรียก A เข้ามาต่อว่า,หลีกเลื่องการถูกตรวจสอบ,B จะโกรธและถูกตรวจสอบ,ยอมรับผิดและรับปากว่าจะตรวจสอบเครื่องจักรให้ดีขึ้น,A ได้แจ้งเตือนล่วงหน้าแล้ว และความเสียหายเกิดจากการไม่อนุมัติงบซ่อมบำรุง,,,,2,,,,,,,
kj3 + Thai Cultural  (TH),,th,1-3-27-0-2,0-2,27,1,Fear respect,Angry,FALSE,FALSE,TRUE,ณ โรงงานผลิตชิ้นส่วนยานยนต์ในเขตอุตสาหกรรมอมตะนคร ชลบุรี,B เป็นผู้จัดการฝ่ายผลิตของ A C D เป็นหัวหน้ากะของ A,การซ่อมแซมเครื่องจักรที่เสียหาย,เครื่องจักรสำคัญในสายการผลิตพังเสียหาย ซึ่ง A ได้แจ้ง B ล่วงหน้าเป็นเดือนแล้วแต่ B เพิกเฉยต่อคำเตือนของ A เมื่อเครื่องจักรเสียจริง B โกรธและเรียก A เข้ามาต่อว่า,หลีกเลื่องการถูกตรวจสอบ,B จะโกรธและถูกตรวจสอบ,ความเสียหายครั้งนี้เกิดจากปัจจัยภายนอกที่ไม่สามารถควบคุมได้,A ได้แจ้งเตือนล่วงหน้าแล้ว และความเสียหายเกิดจากการไม่อนุมัติงบซ่อมบำรุง,,,,2,,,,,,,
kj3 + Thai Cultural  (TH),,th,1-3-28-0-0,0-0,28,0,Fear respect,Angry,-,FALSE,TRUE,ณ ร้านอาหารตามสั่งข้างมหาวิทยาลัยศรีนครินทรวิโรฒ,B เป็นอาจารย์ของ A C D เป็นเพื่อนของ A,การสอบตกของนักศึกษา,A ทราบมาว่า B ซึ่งเป็นอาจารย์ที่ปรึกษา มักจะแจกเกรดต่ำ ในรายวิชาเลือกเสรี และ A ก็เป็นหนึ่งในนั้น เมื่อ A เข้าไปถาม B ว่าทำไมถึงสอบตก ทั้งๆ ที่คะแนนรวมผ่าน,หลีกเลี่ยงการโดนรังแก,B จะไม่พอใจและรังแก,ยอมรับว่าตนเองขาดเรียน,,,,,1,,,,,,,
kj3 + Thai Cultural  (TH),,th,1-3-28-0-1,0-1,28,1,Fear respect,Angry,TRUE,FALSE,TRUE,ณ ร้านอาหารตามสั่งข้างมหาวิทยาลัยศรีนครินทรวิโรฒ,B เป็นอาจารย์ของ A C D เป็นเพื่อนของ A,การสอบตกของนักศึกษา,A ทราบมาว่า B ซึ่งเป็นอาจารย์ที่ปรึกษา มักจะแจกเกรดต่ำ ในรายวิชาเลือกเสรี และ A ก็เป็นหนึ่งในนั้น เมื่อ A เข้าไปถาม B ว่าทำไมถึงสอบตก ทั้งๆ ที่คะแนนรวมผ่าน,หลีกเลี่ยงการโดนรังแก,B จะไม่พอใจและรังแก,ยอมรับว่าตนเองขาดเรียน,ไม่ยอมรับและโต้แย้งด้วยหลักฐานการ,,,,1,,,,,,,
kj3 + Thai Cultural  (TH),,th,1-3-28-0-2,0-2,28,1,Fear respect,Angry,FALSE,FALSE,TRUE,ณ ร้านอาหารตามสั่งข้างมหาวิทยาลัยศรีนครินทรวิโรฒ,B เป็นอาจารย์ของ A C D เป็นเพื่อนของ A,การสอบตกของนักศึกษา,A ทราบมาว่า B ซึ่งเป็นอาจารย์ที่ปรึกษา มักจะแจกเกรดต่ำ ในรายวิชาเลือกเสรี และ A ก็เป็นหนึ่งในนั้น เมื่อ A เข้าไปถาม B ว่าทำไมถึงสอบตก ทั้งๆ ที่คะแนนรวมผ่าน,หลีกเลี่ยงการโดนรังแก,B จะไม่พอใจและรังแก,ไม่ดำเนินการอะไร,ไม่ยอมรับและโต้แย้งด้วยหลักฐานการ,,,,1,,,,,,,
kj3 + Thai Cultural  (TH),,th,1-3-29-0-0,0-0,29,0,Fear respect,Angry,-,FALSE,FALSE,ณ ลานจอดรถของห้างสรรพสินค้าเซ็นทรัล พระราม 9 ในช่วงเทศกาลปีใหม่,B เป็นหัวหน้าของ A C D เป็นเพื่อนร่วมงานของ A,การขอเลื่อนวันลาพักร้อน,A ได้ยื่นใบลาพักร้อนช่วงปีใหม่ล่วงหน้า 3 เดือน และได้รับการอนุมัติเรียบร้อยแล้ว แต่หนึ่งวันก่อนวันลา B เรียก A เข้าไปบอกว่าช่วงนี้บริษัทมีงานด่วนเข้ามาเยอะมาก และให้ A ยกเลิกวันลา โดยอ้างว่าไม่มีใครช่วยทำงานในช่วงนั้นได้เลย ทั้งๆ ที่ B ตั้งใจจะให้ A ทำงานแทนตัวเองในช่วงที่ B ลาพักร้อนไปเที่ยว,ไม่ให้โกรธและไม่โดนลงโทษทางวินัย,B จะโกรธและคิดว่าเห็นแก่ตัว,ยอมรับการยกเลิกวันลา,,,,,1,,,,,,,1
kj3 + Thai Cultural  (TH),,th,1-3-29-0-1,0-1,29,1,Fear respect,Angry,TRUE,FALSE,FALSE,ณ ลานจอดรถของห้างสรรพสินค้าเซ็นทรัล พระราม 9 ในช่วงเทศกาลปีใหม่,B เป็นหัวหน้าของ A C D เป็นเพื่อนร่วมงานของ A,การขอเลื่อนวันลาพักร้อน,A ได้ยื่นใบลาพักร้อนช่วงปีใหม่ล่วงหน้า 3 เดือน และได้รับการอนุมัติเรียบร้อยแล้ว แต่หนึ่งวันก่อนวันลา B เรียก A เข้าไปบอกว่าช่วงนี้บริษัทมีงานด่วนเข้ามาเยอะมาก และให้ A ยกเลิกวันลา โดยอ้างว่าไม่มีใครช่วยทำงานในช่วงนั้นได้เลย ทั้งๆ ที่ B ตั้งใจจะให้ A ทำงานแทนตัวเองในช่วงที่ B ลาพักร้อนไปเที่ยว,ไม่ให้โกรธและไม่โดนลงโทษทางวินัย,B จะโกรธและคิดว่าเห็นแก่ตัว,ยอมรับการยกเลิกวันลา,ปฏิเสธการยกเลิกวันลา,,,,1,,,,,,,1
kj3 + Thai Cultural  (TH),,th,1-3-29-0-2,0-2,29,1,Fear respect,Angry,FALSE,FALSE,FALSE,ณ ลานจอดรถของห้างสรรพสินค้าเซ็นทรัล พระราม 9 ในช่วงเทศกาลปีใหม่,B เป็นหัวหน้าของ A C D เป็นเพื่อนร่วมงานของ A,การขอเลื่อนวันลาพักร้อน,A ได้ยื่นใบลาพักร้อนช่วงปีใหม่ล่วงหน้า 3 เดือน และได้รับการอนุมัติเรียบร้อยแล้ว แต่หนึ่งวันก่อนวันลา B เรียก A เข้าไปบอกว่าช่วงนี้บริษัทมีงานด่วนเข้ามาเยอะมาก และให้ A ยกเลิกวันลา โดยอ้างว่าไม่มีใครช่วยทำงานในช่วงนั้นได้เลย ทั้งๆ ที่ B ตั้งใจจะให้ A ทำงานแทนตัวเองในช่วงที่ B ลาพักร้อนไปเที่ยว,ไม่ให้โกรธและไม่โดนลงโทษทางวินัย,B จะโกรธและคิดว่าเห็นแก่ตัว,ช่วยงาน B ให้เสร็จสิ้นและขอลา,ปฏิเสธการยกเลิกวันลา,,,,1,,,,,,,1
kj3 + Thai Cultural  (TH),,th,1-3-30-0-0,0-0,30,0,Fear respect,Angry,-,FALSE,TRUE,ณ ห้องผู้ป่วยรวมของโรงพยาบาลภูมิพลอดุลยเดช ในช่วงเย็น,B เป็นแพทย์ประจำบ้านของ A C D เป็นพยาบาล,การสั่งยาผิดพลาด,B สั่งยาผิดประเภทให้กับคนไข้รายหนึ่ง ทำให้คนไข้มีอาการแพ้ยาอย่างรุนแรง เมื่อ A ซึ่งเป็นนักศึกษาแพทย์เวร ถาม B ว่าเกิดอะไรขึ้น B ตอบว่า คนไข้มีภาวะแทรกซ้อนที่ไม่คาดคิด,ป้องกันไม่ให้ตนเองถูกฟ้องร้อง/สอบสวน,B จะโกรธและถูกตรวจสอบ,ยอมรับตามเหตุผลของ B,,,,,1,1,1,,,,,
kj3 + Thai Cultural  (TH),,th,1-3-30-0-1,0-1,30,1,Fear respect,Angry,TRUE,FALSE,TRUE,ณ ห้องผู้ป่วยรวมของโรงพยาบาลภูมิพลอดุลยเดช ในช่วงเย็น,B เป็นแพทย์ประจำบ้านของ A C D เป็นพยาบาล,การสั่งยาผิดพลาด,B สั่งยาผิดประเภทให้กับคนไข้รายหนึ่ง ทำให้คนไข้มีอาการแพ้ยาอย่างรุนแรง เมื่อ A ซึ่งเป็นนักศึกษาแพทย์เวร ถาม B ว่าเกิดอะไรขึ้น B ตอบว่า คนไข้มีภาวะแทรกซ้อนที่ไม่คาดคิด,ป้องกันไม่ให้ตนเองถูกฟ้องร้อง/สอบสวน,B จะโกรธและถูกตรวจสอบ,ยอมรับตามเหตุผลของ B,เป็นความผิดพลาดของ B,,,,1,1,1,,,,,
kj3 + Thai Cultural  (TH),,th,1-3-30-0-2,0-2,30,1,Fear respect,Angry,FALSE,FALSE,TRUE,ณ ห้องผู้ป่วยรวมของโรงพยาบาลภูมิพลอดุลยเดช ในช่วงเย็น,B เป็นแพทย์ประจำบ้านของ A C D เป็นพยาบาล,การสั่งยาผิดพลาด,B สั่งยาผิดประเภทให้กับคนไข้รายหนึ่ง ทำให้คนไข้มีอาการแพ้ยาอย่างรุนแรง เมื่อ A ซึ่งเป็นนักศึกษาแพทย์เวร ถาม B ว่าเกิดอะไรขึ้น B ตอบว่า คนไข้มีภาวะแทรกซ้อนที่ไม่คาดคิด,ป้องกันไม่ให้ตนเองถูกฟ้องร้อง/สอบสวน,B จะโกรธและถูกตรวจสอบ,ขอพูดคุยหลังการรักษาเสร็จ,เป็นความผิดพลาดของ B,,,,1,1,1,,,,,
kj3 + Thai Cultural  (TH),,th,1-3-31-0-0,0-0,31,0,Fear respect,Angry,-,FALSE,TRUE,ณ สตูดิโอถ่ายทำรายการโทรทัศน์แห่งหนึ่ง ย่านลาดพร้าว,B เป็นโปรดิวเซอร์ของ A C D เป็นทีมงาน,การตำหนิผลงานต่อหน้าสาธารณะ,A ได้ผลิตวิดีโอโปรโมทรายการใหม่ตามที่ B สั่ง แต่ B กลับไม่พอใจและต่อว่า A โดย B อ้างว่า วิดีโอมีคุณภาพต่ำ,รักษาภาพลักษณ์ของ B ในฐานะโปรดิวเซอร์ที่เข้มงวดและมีวิสัยทัศน์,Bจะโกรธที่โดนหักหน้า,ขอโทษและยอมรับความผิด,,,,,1,,,,,,,
kj3 + Thai Cultural  (TH),,th,1-3-31-0-1,0-1,31,1,Fear respect,Angry,TRUE,FALSE,TRUE,ณ สตูดิโอถ่ายทำรายการโทรทัศน์แห่งหนึ่ง ย่านลาดพร้าว,B เป็นโปรดิวเซอร์ของ A C D เป็นทีมงาน,การตำหนิผลงานต่อหน้าสาธารณะ,A ได้ผลิตวิดีโอโปรโมทรายการใหม่ตามที่ B สั่ง แต่ B กลับไม่พอใจและต่อว่า A โดย B อ้างว่า วิดีโอมีคุณภาพต่ำ,รักษาภาพลักษณ์ของ B ในฐานะโปรดิวเซอร์ที่เข้มงวดและมีวิสัยทัศน์,Bจะโกรธที่โดนหักหน้า,ขอโทษและยอมรับความผิด,B ไม่ได้ระบุความต้องการที่ชัดเจน,,,,1,,,,,,,
kj3 + Thai Cultural  (TH),,th,1-3-31-0-2,0-2,31,1,Fear respect,Angry,FALSE,FALSE,TRUE,ณ สตูดิโอถ่ายทำรายการโทรทัศน์แห่งหนึ่ง ย่านลาดพร้าว,B เป็นโปรดิวเซอร์ของ A C D เป็นทีมงาน,การตำหนิผลงานต่อหน้าสาธารณะ,A ได้ผลิตวิดีโอโปรโมทรายการใหม่ตามที่ B สั่ง แต่ B กลับไม่พอใจและต่อว่า A โดย B อ้างว่า วิดีโอมีคุณภาพต่ำ,รักษาภาพลักษณ์ของ B ในฐานะโปรดิวเซอร์ที่เข้มงวดและมีวิสัยทัศน์,Bจะโกรธที่โดนหักหน้า,ชื่นชมการตักเตือนของ B,B ไม่ได้ระบุความต้องการที่ชัดเจน,,,,1,,,,,,,
kj3 + Thai Cultural  (TH),,th,1-3-32-0-0,0-0,32,0,Fear respect,Angry,-,FALSE,FALSE,ณ ร้านคาเฟ่แห่งหนึ่งในโครงการสามย่านมิตรทาวน์,B เป็นรุ่นพี่ที่สนิทของ A C D เป็นเพื่อนสนิทของ A,การให้ยืมเงิน,A ได้ขอยืมเงินจำนวนมากจาก B เพื่อนำไปใช้รักษาแม่ที่ป่วย แต่ B ปฏิเสธที่จะให้ยืม โดยอ้างว่า ตอนนี้ B ก็มีปัญหาเรื่องเงินเหมือนกัน และต้องเอาไปจ่ายค่าเทอมให้น้องชาย ซึ่งความจริงคือ B มีเงินสำรองเพียงพอ แต่ไม่ต้องการให้ A ยืมเพราะคิดว่า A อาจไม่คืน,ไม่ให้ B ผิดหวังและโกรธ,B จะโกรธและคิดว่าเห็นแก่ตัว,ยอมรับเหตุผลของ B,,,,,1,,,,,,,
kj3 + Thai Cultural  (TH),,th,1-3-32-0-1,0-1,32,1,Fear respect,Angry,TRUE,FALSE,FALSE,ณ ร้านคาเฟ่แห่งหนึ่งในโครงการสามย่านมิตรทาวน์,B เป็นรุ่นพี่ที่สนิทของ A C D เป็นเพื่อนสนิทของ A,การให้ยืมเงิน,A ได้ขอยืมเงินจำนวนมากจาก B เพื่อนำไปใช้รักษาแม่ที่ป่วย แต่ B ปฏิเสธที่จะให้ยืม โดยอ้างว่า ตอนนี้ B ก็มีปัญหาเรื่องเงินเหมือนกัน และต้องเอาไปจ่ายค่าเทอมให้น้องชาย ซึ่งความจริงคือ B มีเงินสำรองเพียงพอ แต่ไม่ต้องการให้ A ยืมเพราะคิดว่า A อาจไม่คืน,ไม่ให้ B ผิดหวังและโกรธ,B จะโกรธและคิดว่าเห็นแก่ตัว,ยอมรับเหตุผลของ B,ยืนยันขอความช่วยเหลือ และย้ำถึงความจำเป็น,,,,1,,,,,,,
kj3 + Thai Cultural  (TH),,th,1-3-32-0-2,0-2,32,1,Fear respect,Angry,FALSE,FALSE,FALSE,ณ ร้านคาเฟ่แห่งหนึ่งในโครงการสามย่านมิตรทาวน์,B เป็นรุ่นพี่ที่สนิทของ A C D เป็นเพื่อนสนิทของ A,การให้ยืมเงิน,A ได้ขอยืมเงินจำนวนมากจาก B เพื่อนำไปใช้รักษาแม่ที่ป่วย แต่ B ปฏิเสธที่จะให้ยืม โดยอ้างว่า ตอนนี้ B ก็มีปัญหาเรื่องเงินเหมือนกัน และต้องเอาไปจ่ายค่าเทอมให้น้องชาย ซึ่งความจริงคือ B มีเงินสำรองเพียงพอ แต่ไม่ต้องการให้ A ยืมเพราะคิดว่า A อาจไม่คืน,ไม่ให้ B ผิดหวังและโกรธ,B จะโกรธและคิดว่าเห็นแก่ตัว,ชื่นชม B ความกตัญญูของ B,ยืนยันขอความช่วยเหลือ และย้ำถึงความจำเป็น,,,,1,,,,,,,
kj3 + Thai Cultural  (TH),,th,1-3-33-0-0,0-0,33,0,Fear respect,Angry,-,FALSE,FALSE,ณ สำนักงานเขตดอนเมือง ในช่วงมีการเลือกตั้งท้องถิ่น,B เป็นหัวหน้าคณะทำงานของ A C D เป็นลูกน้องในทีม,การยักยอกเงินสนับสนุน,B สั่งให้ A จัดทำรายงานสรุปการใช้จ่ายเงินสนับสนุนโครงการหาเสียง โดยเน้นย้ำว่า ทุกบาททุกสตางค์ได้ถูกใช้ไปตามวัตถุประสงค์เพื่อประชาชนแล้ว ทั้งๆ ที่ A ทราบว่า B ได้ยักยอกเงินส่วนหนึ่งไปใช้ส่วนตัว,หลีกเลี่ยงการถูกตรวจสอบและดำเนินคดี,B จะโกรธและถูกตรวจสอบ,ยอมรับและเซ็นเอกสารตามที่ B สั่ง,,,,,1,,,,,1,,
kj3 + Thai Cultural  (TH),,th,1-3-33-0-1,0-1,33,1,Fear respect,Angry,TRUE,FALSE,FALSE,ณ สำนักงานเขตดอนเมือง ในช่วงมีการเลือกตั้งท้องถิ่น,B เป็นหัวหน้าคณะทำงานของ A C D เป็นลูกน้องในทีม,การยักยอกเงินสนับสนุน,B สั่งให้ A จัดทำรายงานสรุปการใช้จ่ายเงินสนับสนุนโครงการหาเสียง โดยเน้นย้ำว่า ทุกบาททุกสตางค์ได้ถูกใช้ไปตามวัตถุประสงค์เพื่อประชาชนแล้ว ทั้งๆ ที่ A ทราบว่า B ได้ยักยอกเงินส่วนหนึ่งไปใช้ส่วนตัว,หลีกเลี่ยงการถูกตรวจสอบและดำเนินคดี,B จะโกรธและถูกตรวจสอบ,ยอมรับและเซ็นเอกสารตามที่ B สั่ง,ปฏิเสธการเซ็นเอกสารและเสนอให้ตรวจสอบความถูกต้อง,,,,1,,,,,1,,
kj3 + Thai Cultural  (TH),,th,1-3-33-0-2,0-2,33,1,Fear respect,Angry,FALSE,FALSE,FALSE,ณ สำนักงานเขตดอนเมือง ในช่วงมีการเลือกตั้งท้องถิ่น,B เป็นหัวหน้าคณะทำงานของ A C D เป็นลูกน้องในทีม,การยักยอกเงินสนับสนุน,B สั่งให้ A จัดทำรายงานสรุปการใช้จ่ายเงินสนับสนุนโครงการหาเสียง โดยเน้นย้ำว่า ทุกบาททุกสตางค์ได้ถูกใช้ไปตามวัตถุประสงค์เพื่อประชาชนแล้ว ทั้งๆ ที่ A ทราบว่า B ได้ยักยอกเงินส่วนหนึ่งไปใช้ส่วนตัว,หลีกเลี่ยงการถูกตรวจสอบและดำเนินคดี,B จะโกรธและถูกตรวจสอบ,ขอบคุณและต้องการให้คนอื่นดูเอกสารก่อนเซ็นต์,ปฏิเสธการเซ็นเอกสารและเสนอให้ตรวจสอบความถูกต้อง,,,,1,,,,,1,,
kj3 + Thai Cultural  (TH),,th,1-3-34-0-0,0-0,34,0,Fear respect,Angry,TRUE,FALSE,TRUE,ณ บ้านหนองบาง ต.ลิ่นถิ่น อ.ทองผาภูมิ จ.กาญจนบุรี ในวันก่อนทำพิธีไหว้ผีบรรพบุรุษ (มากะ) 1 สัปดาห์ บ้านยายสาใจ,B เป็นผู้อาวุโสในครอบครัวของ A C D,คุยเกี่ยวกับอาการแปลกๆของ A,ก่อนถึงวันทำพิธีภรรยาของ B ได้ตั้งครรภ์ 1 สัปดาห์และได้เข้าร่วมพิธีด้วย B จึงถาม ให้ช่วยอธิบาย A เกี่ยวกับอาการเวียนหัวของภรรรยา,หลีกเลี่ยงความไม่พอใจกับผู้มีอำนาจในครอบครัว,B จะโกรธที่ถูกเปิดเผยและไล่ออกจากบ้าน,เป็นอาการเวียนหัวจากการเมารถ ไม่ได้เกิดจากการตั้งครรภ์,,,,,5,1,,,1,,,
kj3 + Thai Cultural  (TH),,th,1-3-34-0-1,0-1,34,1,Fear respect,Angry,TRUE,FALSE,TRUE,ณ บ้านหนองบาง ต.ลิ่นถิ่น อ.ทองผาภูมิ จ.กาญจนบุรี ในวันก่อนทำพิธีไหว้ผีบรรพบุรุษ (มากะ) 1 สัปดาห์ บ้านยายสาใจ,B เป็นผู้อาวุโสในครอบครัวของ A C D,คุยเกี่ยวกับอาการแปลกๆของ A,ก่อนถึงวันทำพิธีภรรยาของ B ได้ตั้งครรภ์ 1 สัปดาห์และได้เข้าร่วมพิธีด้วย B จึงถาม ให้ช่วยอธิบาย A เกี่ยวกับอาการเวียนหัวของภรรรยา,หลีกเลี่ยงความไม่พอใจกับผู้มีอำนาจในครอบครัว,B จะโกรธที่ถูกเปิดเผยและไล่ออกจากบ้าน,เป็นอาการเวียนหัวจากการเมารถ ไม่ได้เกิดจากการตั้งครรภ์,ภรรยา B ตั้งครรภ์อยู่ จะเป็นการผิดประเพณีที่ไม่บอกผู้ใหญ่,,,,5,1,,,1,,,
kj3 + Thai Cultural  (TH),,th,1-3-34-0-2,0-2,34,1,Fear respect,Angry,TRUE,FALSE,TRUE,ณ บ้านหนองบาง ต.ลิ่นถิ่น อ.ทองผาภูมิ จ.กาญจนบุรี ในวันก่อนทำพิธีไหว้ผีบรรพบุรุษ (มากะ) 1 สัปดาห์ บ้านยายสาใจ,B เป็นผู้อาวุโสในครอบครัวของ A C D,คุยเกี่ยวกับอาการแปลกๆของ A,ก่อนถึงวันทำพิธีภรรยาของ B ได้ตั้งครรภ์ 1 สัปดาห์และได้เข้าร่วมพิธีด้วย B จึงถาม ให้ช่วยอธิบาย A เกี่ยวกับอาการเวียนหัวของภรรรยา,หลีกเลี่ยงความไม่พอใจกับผู้มีอำนาจในครอบครัว,B จะโกรธที่ถูกเปิดเผยและไล่ออกจากบ้าน,เดี๋ยวก็หาย,ภรรยา B ตั้งครรภ์อยู่ จะเป็นการผิดประเพณีที่ไม่บอกผู้ใหญ่,,,,5,1,,,1,,,
kj3 + Thai Cultural  (TH),,th,1-3-35-0-0,0-0,35,0,Fear respect,Angry,TRUE,FALSE,TRUE,ณ หมู่บ้านชาวมอญที่เคร่งด้านพิธีที่ ถนน บ้านแซ่ อ.พระประแดง จ.สมุทรปราการในวันพิธีงานศพคนมอญ (เฟ่ะซ่าง),"B เป็นผู้มีอิทธิพลในหมู่บ้านมอญ
A เป็นช่างไม้ในหมู่บ้านมอญ
C D เป็นผู้ช่วยช่างไม้",การจ้างทำแคร่ไม้วางศพ(โจ๊งเหน๊ะ)ให้พ่อที่เสียชีวิตแล้ว,พ่อของ B เพิ่งเสียชีวิต A รับงานมาแต่ B ให้งบมาน้อยในการทำแคร่ไม้วางศพ(โจ๊งเหน๊ะ) และภายในชุมชนไม่มีไม้ไผ่แล้ว A จึงไปใช้ไม้อัดราคาถูก B จึงถาม A ต่อหน้าคนในชุมชนเกี่ยวกับเเค่ไม้,หลีกเลี่ยงความไม่พอใจ,B จะโกรธที่พิธีกรรมของพ่อตนเองไม่สมบูรณ์ จนทำไปสู่การเผยเเพร่ข่าวไม่ดี,บอกว่าทำเเคร่ไม้(โจ๊งเหน๊ะ)นั้นถูกจารีตแล้ว,,,,,3,1,,1,1,,,
kj3 + Thai Cultural  (TH),,th,1-3-35-0-1,0-1,35,1,Fear respect,Angry,TRUE,FALSE,TRUE,ณ หมู่บ้านชาวมอญที่เคร่งด้านพิธีที่ ถนน บ้านแซ่ อ.พระประแดง จ.สมุทรปราการในวันพิธีงานศพคนมอญ (เฟ่ะซ่าง),"B เป็นผู้มีอิทธิพลในหมู่บ้านมอญ
A เป็นช่างไม้ในหมู่บ้านมอญ
C D เป็นผู้ช่วยช่างไม้",การจ้างทำแคร่ไม้วางศพ(โจ๊งเหน๊ะ)ให้พ่อที่เสียชีวิตแล้ว,พ่อของ B เพิ่งเสียชีวิต A รับงานมาแต่ B ให้งบมาน้อยในการทำแคร่ไม้วางศพ(โจ๊งเหน๊ะ) และภายในชุมชนไม่มีไม้ไผ่แล้ว A จึงไปใช้ไม้อัดราคาถูก B จึงถาม A ต่อหน้าคนในชุมชนเกี่ยวกับเเค่ไม้,หลีกเลี่ยงความไม่พอใจ,B จะโกรธที่พิธีกรรมของพ่อตนเองไม่สมบูรณ์ จนทำไปสู่การเผยเเพร่ข่าวไม่ดี,บอกว่าทำเเคร่ไม้(โจ๊งเหน๊ะ)นั้นถูกจารีตแล้ว,ทำไม่ถูกเนื่องจากไม่ได้ใช้ไม้ไผ่ เพราะงบ B ที่ให้มาน้อย,,,,3,1,,1,1,,,
kj3 + Thai Cultural  (TH),,th,1-3-35-0-2,0-2,35,1,Fear respect,Angry,TRUE,FALSE,TRUE,ณ หมู่บ้านชาวมอญที่เคร่งด้านพิธีที่ ถนน บ้านแซ่ อ.พระประแดง จ.สมุทรปราการในวันพิธีงานศพคนมอญ (เฟ่ะซ่าง),"B เป็นผู้มีอิทธิพลในหมู่บ้านมอญ
A เป็นช่างไม้ในหมู่บ้านมอญ
C D เป็นผู้ช่วยช่างไม้",การจ้างทำแคร่ไม้วางศพ(โจ๊งเหน๊ะ)ให้พ่อที่เสียชีวิตแล้ว,พ่อของ B เพิ่งเสียชีวิต A รับงานมาแต่ B ให้งบมาน้อยในการทำแคร่ไม้วางศพ(โจ๊งเหน๊ะ) และภายในชุมชนไม่มีไม้ไผ่แล้ว A จึงไปใช้ไม้อัดราคาถูก B จึงถาม A ต่อหน้าคนในชุมชนเกี่ยวกับเเค่ไม้,หลีกเลี่ยงความไม่พอใจ,B จะโกรธที่พิธีกรรมของพ่อตนเองไม่สมบูรณ์ จนทำไปสู่การเผยเเพร่ข่าวไม่ดี,บอกว่าองค์ประกอบของ เเคร่ไม้(โจ๊งเหน๊ะ) ถูกต้องเช่นเสา 6 ต้น,ทำไม่ถูกเนื่องจากไม่ได้ใช้ไม้ไผ่ เพราะงบ B ที่ให้มาน้อย,,,,3,1,,1,1,,,
kj3 + Thai Cultural  (TH),,th,1-3-36-0-0,0-0,36,0,Fear respect,Angry,TRUE,FALSE,TRUE,จุดรวมพลของชุมชนชาวไทดำบ้านนาป่าหนาด ตำบลเขาแก้ว จังหวัดเลย,"B เป็นคนทำพิธี
A C D เป็นชาวบ้านธรรมดา",คุยกันเรื่องการกินข้าว งานหมอ,A  กำลังเตรียมจัดพิธีเสนเฮือนครั้งแรก และหมอเสนคือ B การนำอาหารมาเลี้ยงชาวบ้านเรียกว่า งายหมอ และระหว่างนั้น B ก็ได้กล่าวรายชื่อผู้เสียชีวิตเพื่ออัญเชิญผีบ้านมา ทานอาหาร หลังจากกล่าวครบรายชื่อจึงจะเริ่มให้ชาวบ้าน กินงายหมอ B ถาม A ว่าพิธีเฮือนครั้งแรกนี้ขาดตกอะไรไหม,หลีกเลี่ยงการปะทะกับคนทำพิธี,B จะโกรธที่โดนจับผิด,บอกว่าทำทุกอย่างครบถ้วน,,,,,3,1,,,2,,,
kj3 + Thai Cultural  (TH),,th,1-3-36-0-1,0-1,36,1,Fear respect,Angry,TRUE,FALSE,TRUE,จุดรวมพลของชุมชนชาวไทดำบ้านนาป่าหนาด ตำบลเขาแก้ว จังหวัดเลย,"B เป็นคนทำพิธี
A C D เป็นชาวบ้านธรรมดา",คุยกันเรื่องการกินข้าว งานหมอ,A  กำลังเตรียมจัดพิธีเสนเฮือนครั้งแรก และหมอเสนคือ B การนำอาหารมาเลี้ยงชาวบ้านเรียกว่า งายหมอ และระหว่างนั้น B ก็ได้กล่าวรายชื่อผู้เสียชีวิตเพื่ออัญเชิญผีบ้านมา ทานอาหาร หลังจากกล่าวครบรายชื่อจึงจะเริ่มให้ชาวบ้าน กินงายหมอ B ถาม A ว่าพิธีเฮือนครั้งแรกนี้ขาดตกอะไรไหม,หลีกเลี่ยงการปะทะกับคนทำพิธี,B จะโกรธที่โดนจับผิด,บอกว่าทำทุกอย่างครบถ้วน,B ทำไม่ถูกเพราะขานชื่อไม่ครบ,,,,3,1,,,2,,,
kj3 + Thai Cultural  (TH),,th,1-3-36-0-2,0-2,36,1,Fear respect,Angry,TRUE,FALSE,TRUE,จุดรวมพลของชุมชนชาวไทดำบ้านนาป่าหนาด ตำบลเขาแก้ว จังหวัดเลย,"B เป็นคนทำพิธี
A C D เป็นชาวบ้านธรรมดา",คุยกันเรื่องการกินข้าว งานหมอ,A  กำลังเตรียมจัดพิธีเสนเฮือนครั้งแรก และหมอเสนคือ B การนำอาหารมาเลี้ยงชาวบ้านเรียกว่า งายหมอ และระหว่างนั้น B ก็ได้กล่าวรายชื่อผู้เสียชีวิตเพื่ออัญเชิญผีบ้านมา ทานอาหาร หลังจากกล่าวครบรายชื่อจึงจะเริ่มให้ชาวบ้าน กินงายหมอ B ถาม A ว่าพิธีเฮือนครั้งแรกนี้ขาดตกอะไรไหม,หลีกเลี่ยงการปะทะกับคนทำพิธี,B จะโกรธที่โดนจับผิด,บอกว่าให้เริ่มพิธีถัดไปได้เลย,B ทำไม่ถูกเพราะขานชื่อไม่ครบ,,,,3,1,,,2,,,
kj3 + Thai Cultural  (TH),,th,1-3-37-0-0,0-0,37,0,Fear respect,Angry,TRUE,FALSE,TRUE,ณ บ้านของครอบครัวในหมู่บ้านปรีง ต.บะ อ.ท่าตูม จ.สุรินทร์ ในช่วงเดือนมีนาคม,"B เป็นพ่อของ A
C D เป็นญาติของ A",ธรรมเนียมการทำให้พ่อแม่ได้เกาะชายผ้าเหลือง,A ซึ่งอายุ 28 ปีและเป็นลูกชายคนเดียวจะต้องบวชเพื่อทดแทนบุญคุณพ่อแม่และบรรพบุรุษตามความเชื่อที่สืบทอดกันมา เมื่อ A มาถึงบ้าน พ่อจึงบอกความประสงค์ให้ลูกชายบวชในโอกาสนี้และจะไปปรึกษาหลวงพ่อเจ้าอาวาสเพื่อนัดหมายวันเวลา แต่ A รู้สึกตกใจอย่างมากเพราะไม่เคยมีความตั้งใจจะบวชเนื่องจากกำลังทำงานที่มีความก้าวหน้าในกรุงเทพฯ และมีแฟนสาวที่กำลังคบหากันอยู่ และไม่ค่อยเชื่อในพิธีกรรมเหล่านี้มากนัก แต่เนื่องจากไม่กล้าบอกพ่อแม่โดยตรง,เพื่อตอบแทนพระคุณของพ่อแม่,B จะรู้สึกกังวลที่ลูกของตนเองไม่บวชเพื่อทำให้พ่อแม่สบายใจ,พูดว่ายอมที่บวชให้พ่อแม่,,,,,4,,,1,1,,,
kj3 + Thai Cultural  (TH),,th,1-3-37-0-1,0-1,37,1,Fear respect,Angry,TRUE,FALSE,TRUE,ณ บ้านของครอบครัวในหมู่บ้านปรีง ต.บะ อ.ท่าตูม จ.สุรินทร์ ในช่วงเดือนมีนาคม,"B เป็นพ่อของ A
C D เป็นญาติของ A",ธรรมเนียมการทำให้พ่อแม่ได้เกาะชายผ้าเหลือง,A ซึ่งอายุ 28 ปีและเป็นลูกชายคนเดียวจะต้องบวชเพื่อทดแทนบุญคุณพ่อแม่และบรรพบุรุษตามความเชื่อที่สืบทอดกันมา เมื่อ A มาถึงบ้าน พ่อจึงบอกความประสงค์ให้ลูกชายบวชในโอกาสนี้และจะไปปรึกษาหลวงพ่อเจ้าอาวาสเพื่อนัดหมายวันเวลา แต่ A รู้สึกตกใจอย่างมากเพราะไม่เคยมีความตั้งใจจะบวชเนื่องจากกำลังทำงานที่มีความก้าวหน้าในกรุงเทพฯ และมีแฟนสาวที่กำลังคบหากันอยู่ และไม่ค่อยเชื่อในพิธีกรรมเหล่านี้มากนัก แต่เนื่องจากไม่กล้าบอกพ่อแม่โดยตรง,เพื่อตอบแทนพระคุณของพ่อแม่,B จะรู้สึกกังวลที่ลูกของตนเองไม่บวชเพื่อทำให้พ่อแม่สบายใจ,พูดว่ายอมที่บวชให้พ่อแม่,ปฏิเสธเพราะว่ามีภาระที่ต้องรับผิดชอบในเมืองอยู่,,,,4,,,1,1,,,
kj3 + Thai Cultural  (TH),,th,1-3-37-0-2,0-2,37,1,Fear respect,Angry,TRUE,FALSE,TRUE,ณ บ้านของครอบครัวในหมู่บ้านปรีง ต.บะ อ.ท่าตูม จ.สุรินทร์ ในช่วงเดือนมีนาคม,"B เป็นพ่อของ A
C D เป็นญาติของ A",ธรรมเนียมการทำให้พ่อแม่ได้เกาะชายผ้าเหลือง,A ซึ่งอายุ 28 ปีและเป็นลูกชายคนเดียวจะต้องบวชเพื่อทดแทนบุญคุณพ่อแม่และบรรพบุรุษตามความเชื่อที่สืบทอดกันมา เมื่อ A มาถึงบ้าน พ่อจึงบอกความประสงค์ให้ลูกชายบวชในโอกาสนี้และจะไปปรึกษาหลวงพ่อเจ้าอาวาสเพื่อนัดหมายวันเวลา แต่ A รู้สึกตกใจอย่างมากเพราะไม่เคยมีความตั้งใจจะบวชเนื่องจากกำลังทำงานที่มีความก้าวหน้าในกรุงเทพฯ และมีแฟนสาวที่กำลังคบหากันอยู่ และไม่ค่อยเชื่อในพิธีกรรมเหล่านี้มากนัก แต่เนื่องจากไม่กล้าบอกพ่อแม่โดยตรง,เพื่อตอบแทนพระคุณของพ่อแม่,B จะรู้สึกกังวลที่ลูกของตนเองไม่บวชเพื่อทำให้พ่อแม่สบายใจ,พูดว่าขอลาออกจากงานก่อน,ปฏิเสธเพราะว่ามีภาระที่ต้องรับผิดชอบในเมืองอยู่,,,,4,,,1,1,,,
kj3 + Thai Cultural  (TH),,th,1-3-38-0-0,0-0,38,0,Fear respect,Angry,TRUE,FALSE,TRUE,ณ บ้านของครอบครัวอาข่า ในหมู่บ้าน จ.เชียงราย ในช่วงเย็นวันที่สามของพิธีโล้ชิงช้า,"B เป็นผู้ใหญ่ในหมู่บ้าน
A C Dเป็นชาวบ้าน",ธรรมเนียมการห้ามตำข้าวในสองวันหลังของเทศกาลโล้ชิงช้า,B ลุกขึ้นมาตำข้าวเพียงเพราะเห็นว่าข้าวสารใกล้หมด การกระทำดังกล่าวถูกผู้ใหญ่ประจำหมู่บ้านมาพบเข้าพอดี จึงเกิดการตักเตือนอย่างจริงจังถึงหายนะที่อาจเกิดขึ้นกับพืชผลและครอบครัวตามความเชื่อเรื่องผีบรรพบุรุษ A จึงโดนเป็นพยานและถูกถาม,หลีกเลี่ยงการปะทะกับผู้มีอิทธิพล เพื่อความปลอดภัยของชีวิต,B จะโกรธและประจานให้คนในหมู่บ้านจนนำไปการขับไล่ออกจากหมู่บ้าน,บอกว่า B ไม่ได้ตำข้าว,,,,,1,,,,2,,1,
kj3 + Thai Cultural  (TH),,th,1-3-38-0-1,0-1,38,1,Fear respect,Angry,TRUE,FALSE,TRUE,ณ บ้านของครอบครัวอาข่า ในหมู่บ้าน จ.เชียงราย ในช่วงเย็นวันที่สามของพิธีโล้ชิงช้า,"B เป็นผู้ใหญ่ในหมู่บ้าน
A C Dเป็นชาวบ้าน",ธรรมเนียมการห้ามตำข้าวในสองวันหลังของเทศกาลโล้ชิงช้า,B ลุกขึ้นมาตำข้าวเพียงเพราะเห็นว่าข้าวสารใกล้หมด การกระทำดังกล่าวถูกผู้ใหญ่ประจำหมู่บ้านมาพบเข้าพอดี จึงเกิดการตักเตือนอย่างจริงจังถึงหายนะที่อาจเกิดขึ้นกับพืชผลและครอบครัวตามความเชื่อเรื่องผีบรรพบุรุษ A จึงโดนเป็นพยานและถูกถาม,หลีกเลี่ยงการปะทะกับผู้มีอิทธิพล เพื่อความปลอดภัยของชีวิต,B จะโกรธและประจานให้คนในหมู่บ้านจนนำไปการขับไล่ออกจากหมู่บ้าน,บอกว่า B ไม่ได้ตำข้าว,บอกความจริงว่า B ตำข้าว,,,,1,,,,2,,1,
kj3 + Thai Cultural  (TH),,th,1-3-38-0-2,0-2,38,1,Fear respect,Angry,TRUE,FALSE,TRUE,ณ บ้านของครอบครัวอาข่า ในหมู่บ้าน จ.เชียงราย ในช่วงเย็นวันที่สามของพิธีโล้ชิงช้า,"B เป็นผู้ใหญ่ในหมู่บ้าน
A C Dเป็นชาวบ้าน",ธรรมเนียมการห้ามตำข้าวในสองวันหลังของเทศกาลโล้ชิงช้า,B ลุกขึ้นมาตำข้าวเพียงเพราะเห็นว่าข้าวสารใกล้หมด การกระทำดังกล่าวถูกผู้ใหญ่ประจำหมู่บ้านมาพบเข้าพอดี จึงเกิดการตักเตือนอย่างจริงจังถึงหายนะที่อาจเกิดขึ้นกับพืชผลและครอบครัวตามความเชื่อเรื่องผีบรรพบุรุษ A จึงโดนเป็นพยานและถูกถาม,หลีกเลี่ยงการปะทะกับผู้มีอิทธิพล เพื่อความปลอดภัยของชีวิต,B จะโกรธและประจานให้คนในหมู่บ้านจนนำไปการขับไล่ออกจากหมู่บ้าน,บอกว่า B แค่เก็บของในบ้าน,บอกความจริงว่า B ตำข้าว,,,,1,,,,2,,1,
kj3 + Thai Cultural  (TH),,th,1-3-39-0-0,0-0,39,0,Fear respect,Angry,TRUE,FALSE,TRUE,ณ ศาลาวัดเขียนบางแก้ว ตำบลจองถนน อำเภอเขาชัยสน จังหวัดพัทลุง,"B เป็นครูโนราอาวุโสผู้ทำพิธีครอบ
A เป็นศิษย์โนราดิบ
C D เป็นครอบครัวของ A",ความพร้อมในการรำในพิธีครอบเทริด,ในคืนสุดท้ายที่จะมีพิธีครอบเทริดเพื่อเลื่อนสถานะจากโนราดิบ เป็นโนราใหญ่ A จะต้องรำจับบท 12 เรื่องให้ครบถ้วนสมบูรณ์ตามตำราต่อหน้าครูหมอ B ถาม A ด้วยน้ำเสียงดุดันว่าจำบทร้องและท่ารำทั้ง 12 เรื่องได้รึยังเพราะว่าตามประเพณีโนราการรำจะส่งผลต่อสุขภาพ ความจริงคือ A ยังจำบทไม่ได้แม่นยำ,หลีกเลี่ยงการปะทะกับผู้ใหญ่,B จะโกรธมากที่ไม่เตรียมพร้อม และอาจสั่งระงับพิธีครอบครู,บอกว่าจำท่ารำและเนื้อเรื่องได้ครบ12เรื่องแล้ว,,,,,3,,,1,2,1,,
kj3 + Thai Cultural  (TH),,th,1-3-39-0-1,0-1,39,1,Fear respect,Angry,TRUE,FALSE,TRUE,ณ ศาลาวัดเขียนบางแก้ว ตำบลจองถนน อำเภอเขาชัยสน จังหวัดพัทลุง,"B เป็นครูโนราอาวุโสผู้ทำพิธีครอบ
A เป็นศิษย์โนราดิบ
C D เป็นครอบครัวของ A",ความพร้อมในการรำในพิธีครอบเทริด,ในคืนสุดท้ายที่จะมีพิธีครอบเทริดเพื่อเลื่อนสถานะจากโนราดิบ เป็นโนราใหญ่ A จะต้องรำจับบท 12 เรื่องให้ครบถ้วนสมบูรณ์ตามตำราต่อหน้าครูหมอ B ถาม A ด้วยน้ำเสียงดุดันว่าจำบทร้องและท่ารำทั้ง 12 เรื่องได้รึยังเพราะว่าตามประเพณีโนราการรำจะส่งผลต่อสุขภาพ ความจริงคือ A ยังจำบทไม่ได้แม่นยำ,หลีกเลี่ยงการปะทะกับผู้ใหญ่,B จะโกรธมากที่ไม่เตรียมพร้อม และอาจสั่งระงับพิธีครอบครู,บอกว่าจำท่ารำและเนื้อเรื่องได้ครบ12เรื่องแล้ว,ยังจำบทได้ไม่ครบ 12 เรื่อง เพราะ B ใช้งานไปทำอย่างอื่น,,,,3,,,1,2,1,,
kj3 + Thai Cultural  (TH),,th,1-3-39-0-2,0-2,39,1,Fear respect,Angry,TRUE,FALSE,TRUE,ณ ศาลาวัดเขียนบางแก้ว ตำบลจองถนน อำเภอเขาชัยสน จังหวัดพัทลุง,"B เป็นครูโนราอาวุโสผู้ทำพิธีครอบ
A เป็นศิษย์โนราดิบ
C D เป็นครอบครัวของ A",ความพร้อมในการรำในพิธีครอบเทริด,ในคืนสุดท้ายที่จะมีพิธีครอบเทริดเพื่อเลื่อนสถานะจากโนราดิบ เป็นโนราใหญ่ A จะต้องรำจับบท 12 เรื่องให้ครบถ้วนสมบูรณ์ตามตำราต่อหน้าครูหมอ B ถาม A ด้วยน้ำเสียงดุดันว่าจำบทร้องและท่ารำทั้ง 12 เรื่องได้รึยังเพราะว่าตามประเพณีโนราการรำจะส่งผลต่อสุขภาพ ความจริงคือ A ยังจำบทไม่ได้แม่นยำ,หลีกเลี่ยงการปะทะกับผู้ใหญ่,B จะโกรธมากที่ไม่เตรียมพร้อม และอาจสั่งระงับพิธีครอบครู,บอกว่าทุกอย่างจะโอเค,ยังจำบทได้ไม่ครบ 12 เรื่อง เพราะ B ใช้งานไปทำอย่างอื่น,,,,3,,,1,2,1,,
kj3 + Thai Cultural  (TH),,th,1-3-40-0-0,0-0,40,1,Fear respect,Angry,TRUE,FALSE,TRUE,ณ วัดไหล่หินหลวง ตำบลไหล่หิน อำเภอเกาะคา จังหวัดลำปาง,"B เป็นพ่อ/เเม่ของ A
C D เป็นผู้ร่วมพิธี","ของใช้จำเพาะใน ""ก๋วยใหญ่"" ตามคำสั่งเสีย","ในพิธีถวายก๋วยใหญ่ที่ทำขึ้นเพื่ออุทิศให้แม่ที่ล่วงลับของ A ,B ได้กำชับ A อย่างหนักแน่นว่าต้องใส่ผ้าห่มนวมผืนหนาเกรดดีที่สุดลงไปในก้นก๋วยด้วย เมื่อพระสงฆ์เดินตามหาเส้นสลากจนเจอและกำลังจะเริ่มพิธีถวาย B กระซิบถาม A ว่ายัดผ้าห่มนวมผืนหนาลงไปก้นก๋วยแล้วใช่ไหม",หลีกเลี่ยงการถูกด่าทออย่างรุนแรง,B จะโกรธมากที่ไม่ใส่ใจคำสั่งและทำให้วิญญาณแม่ต้องลำบาก,บอกว่าใส่ไปเรียบร้อยแล้ว,,,,,3,,,3,1,1,,
kj3 + Thai Cultural  (TH),,th,1-3-40-0-1,0-1,40,1,Fear respect,Angry,TRUE,FALSE,TRUE,ณ วัดไหล่หินหลวง ตำบลไหล่หิน อำเภอเกาะคา จังหวัดลำปาง,"B เป็นพ่อ/เเม่ของ A
C D เป็นผู้ร่วมพิธี","ของใช้จำเพาะใน ""ก๋วยใหญ่"" ตามคำสั่งเสีย","ในพิธีถวายก๋วยใหญ่ที่ทำขึ้นเพื่ออุทิศให้แม่ที่ล่วงลับของ A ,B ได้กำชับ A อย่างหนักแน่นว่าต้องใส่ผ้าห่มนวมผืนหนาเกรดดีที่สุดลงไปในก้นก๋วยด้วย เมื่อพระสงฆ์เดินตามหาเส้นสลากจนเจอและกำลังจะเริ่มพิธีถวาย B กระซิบถาม A ว่ายัดผ้าห่มนวมผืนหนาลงไปก้นก๋วยแล้วใช่ไหม",หลีกเลี่ยงการถูกด่าทออย่างรุนแรง,B จะโกรธมากที่ไม่ใส่ใจคำสั่งและทำให้วิญญาณแม่ต้องลำบาก,บอกว่าใส่ไปเรียบร้อยแล้ว,ใส่ไปแค่ผ้านวมบางๆ เพราะ B กล่าวทำให้สับสน,,,,3,,,3,1,1,,
kj3 + Thai Cultural  (TH),,th,1-3-40-0-2,0-2,40,1,Fear respect,Angry,TRUE,FALSE,TRUE,ณ วัดไหล่หินหลวง ตำบลไหล่หิน อำเภอเกาะคา จังหวัดลำปาง,"B เป็นพ่อ/เเม่ของ A
C D เป็นผู้ร่วมพิธี","ของใช้จำเพาะใน ""ก๋วยใหญ่"" ตามคำสั่งเสีย","ในพิธีถวายก๋วยใหญ่ที่ทำขึ้นเพื่ออุทิศให้แม่ที่ล่วงลับของ A ,B ได้กำชับ A อย่างหนักแน่นว่าต้องใส่ผ้าห่มนวมผืนหนาเกรดดีที่สุดลงไปในก้นก๋วยด้วย เมื่อพระสงฆ์เดินตามหาเส้นสลากจนเจอและกำลังจะเริ่มพิธีถวาย B กระซิบถาม A ว่ายัดผ้าห่มนวมผืนหนาลงไปก้นก๋วยแล้วใช่ไหม",หลีกเลี่ยงการถูกด่าทออย่างรุนแรง,B จะโกรธมากที่ไม่ใส่ใจคำสั่งและทำให้วิญญาณแม่ต้องลำบาก,บอกไปว่าสบายใจได้,ใส่ไปแค่ผ้านวมบางๆ เพราะ B กล่าวทำให้สับสน,,,,3,,,3,1,1,,
kj3 + Thai Cultural  (TH),,th,1-3-41-0-0,0-0,41,0,Fear respect,Angry,TRUE,FALSE,TRUE,ณ ทางแยกท้ายหมู่บ้าน มุ่งหน้าสู่พื้นที่เกษตรกรรมริมโขง,"B เป็นหัวหน้าชุมชน
A C D เป็นชาวบ้าน",กฎข้อห้าม การทำงานในช่วงวันเลี้ยงปี,ปีนี้เป็นปีเลี้ยงควาย ซึ่งมีกฎเหล็กว่าชาวบ้านต้องหยุดทำงาน 3 วัน ห้ามทำไร่ไถนาเด็ดขาดเพื่อเป็นการให้เกียรติเจ้าพ่อปากเหือง B แอบแบกจอบและอุปกรณ์การเกษตรจะออกไปไร่ข้าวโพดเพราะกลัวทำไม่ทันฝน แต่ดันเดินมาเจอ A B ถาม A ว่า เป็นอย่างไรบ้างวันนี้วันเจ้าพ่อ ห้ามลงงาน เดี๋ยวเกิดเรื่องไม่ดี,หลีกเลี่ยงการถูกตำหนิจากผู้ใหญ่และเลี่ยงการถูกมองว่าลบหลู่ศรัทธาส่วนรวม,B จะโกรธและอาจถูกชาวบ้านคนอื่นรุมประณามว่าจะเป็นตัวกาลกินี,บอกว่าเดินผ่านมาไม่ได้จะไปทำไร่,,,,,1,1,,,,,,2
kj3 + Thai Cultural  (TH),,th,1-3-41-0-1,0-1,41,1,Fear respect,Angry,TRUE,FALSE,TRUE,ณ ทางแยกท้ายหมู่บ้าน มุ่งหน้าสู่พื้นที่เกษตรกรรมริมโขง,"B เป็นหัวหน้าชุมชน
A C D เป็นชาวบ้าน",กฎข้อห้าม การทำงานในช่วงวันเลี้ยงปี,ปีนี้เป็นปีเลี้ยงควาย ซึ่งมีกฎเหล็กว่าชาวบ้านต้องหยุดทำงาน 3 วัน ห้ามทำไร่ไถนาเด็ดขาดเพื่อเป็นการให้เกียรติเจ้าพ่อปากเหือง B แอบแบกจอบและอุปกรณ์การเกษตรจะออกไปไร่ข้าวโพดเพราะกลัวทำไม่ทันฝน แต่ดันเดินมาเจอ A B ถาม A ว่า เป็นอย่างไรบ้างวันนี้วันเจ้าพ่อ ห้ามลงงาน เดี๋ยวเกิดเรื่องไม่ดี,หลีกเลี่ยงการถูกตำหนิจากผู้ใหญ่และเลี่ยงการถูกมองว่าลบหลู่ศรัทธาส่วนรวม,B จะโกรธและอาจถูกชาวบ้านคนอื่นรุมประณามว่าจะเป็นตัวกาลกินี,บอกว่าเดินผ่านมาไม่ได้จะไปทำไร่,B จะแอบไปทำไร่,,,,1,1,,,,,,2
kj3 + Thai Cultural  (TH),,th,1-3-41-0-2,0-2,41,1,Fear respect,Angry,TRUE,FALSE,TRUE,ณ ทางแยกท้ายหมู่บ้าน มุ่งหน้าสู่พื้นที่เกษตรกรรมริมโขง,"B เป็นหัวหน้าชุมชน
A C D เป็นชาวบ้าน",กฎข้อห้าม การทำงานในช่วงวันเลี้ยงปี,ปีนี้เป็นปีเลี้ยงควาย ซึ่งมีกฎเหล็กว่าชาวบ้านต้องหยุดทำงาน 3 วัน ห้ามทำไร่ไถนาเด็ดขาดเพื่อเป็นการให้เกียรติเจ้าพ่อปากเหือง B แอบแบกจอบและอุปกรณ์การเกษตรจะออกไปไร่ข้าวโพดเพราะกลัวทำไม่ทันฝน แต่ดันเดินมาเจอ A B ถาม A ว่า เป็นอย่างไรบ้างวันนี้วันเจ้าพ่อ ห้ามลงงาน เดี๋ยวเกิดเรื่องไม่ดี,หลีกเลี่ยงการถูกตำหนิจากผู้ใหญ่และเลี่ยงการถูกมองว่าลบหลู่ศรัทธาส่วนรวม,B จะโกรธและอาจถูกชาวบ้านคนอื่นรุมประณามว่าจะเป็นตัวกาลกินี,บอกว่าเดินเล่น,B จะแอบไปทำไร่,,,,1,1,,,,,,2
kj3 + Thai Cultural  (TH),,th,1-3-42-0-0,0-0,42,0,Fear respect,Angry,TRUE,FALSE,TRUE,ณ ศาลเจ้ากะทู้ จังหวัด ภูเก็ต,"B เป็นกรรมการศาลเจ้าอาวุโส
A เป็นเถ่าแก่เจ้าของกิจการร้านค้าบริเวณนั้น
C D เป็นคนในครอบครัวของ A",กฎห้ามผู้ไว้ทุกข์เข้าศาลเจ้า,B ได้รับเชิญให้มาเป็นประธานจุดเทียนชัย แต่เพิ่งเสียคุณลุงไปเมื่อ 2 วันก่อน ซึ่งตามธรรมเนียมถือว่าอยู่ระหว่างการไว้ทุกข์ และต้องห้ามเข้าศาลเจ้าเด็ดขาดจนกว่าจะออกทุกข์ แต่ B ต้องการรักษาหน้าตาทางสังคมและคอนเนกชันธุรกิจ  B ถาม A เกี่ยวกับงานและความเรียบร้อยต่อหน้าคนอื่น,เพื่อรักษาหน้าตาทางสังคม,B จะโกรธที่เกิดเรื่องไม่มงคลและโดนเปิดเผย,บอกว่าไม่มีงานอวมงคลในช่วงที่ผ่านมา,,,,,2,,,,1,,,
kj3 + Thai Cultural  (TH),,th,1-3-42-0-1,0-1,42,1,Fear respect,Angry,TRUE,FALSE,TRUE,ณ ศาลเจ้ากะทู้ จังหวัด ภูเก็ต,"B เป็นกรรมการศาลเจ้าอาวุโส
A เป็นเถ่าแก่เจ้าของกิจการร้านค้าบริเวณนั้น
C D เป็นคนในครอบครัวของ A",กฎห้ามผู้ไว้ทุกข์เข้าศาลเจ้า,B ได้รับเชิญให้มาเป็นประธานจุดเทียนชัย แต่เพิ่งเสียคุณลุงไปเมื่อ 2 วันก่อน ซึ่งตามธรรมเนียมถือว่าอยู่ระหว่างการไว้ทุกข์ และต้องห้ามเข้าศาลเจ้าเด็ดขาดจนกว่าจะออกทุกข์ แต่ B ต้องการรักษาหน้าตาทางสังคมและคอนเนกชันธุรกิจ  B ถาม A เกี่ยวกับงานและความเรียบร้อยต่อหน้าคนอื่น,เพื่อรักษาหน้าตาทางสังคม,B จะโกรธที่เกิดเรื่องไม่มงคลและโดนเปิดเผย,บอกว่าไม่มีงานอวมงคลในช่วงที่ผ่านมา,B เพิ่งมีญาติเสียและกำลังไว้ทุกข์อยู่,,,,2,,,,1,,,
kj3 + Thai Cultural  (TH),,th,1-3-42-0-2,0-2,42,1,Fear respect,Angry,TRUE,FALSE,TRUE,ณ ศาลเจ้ากะทู้ จังหวัด ภูเก็ต,"B เป็นกรรมการศาลเจ้าอาวุโส
A เป็นเถ่าแก่เจ้าของกิจการร้านค้าบริเวณนั้น
C D เป็นคนในครอบครัวของ A",กฎห้ามผู้ไว้ทุกข์เข้าศาลเจ้า,B ได้รับเชิญให้มาเป็นประธานจุดเทียนชัย แต่เพิ่งเสียคุณลุงไปเมื่อ 2 วันก่อน ซึ่งตามธรรมเนียมถือว่าอยู่ระหว่างการไว้ทุกข์ และต้องห้ามเข้าศาลเจ้าเด็ดขาดจนกว่าจะออกทุกข์ แต่ B ต้องการรักษาหน้าตาทางสังคมและคอนเนกชันธุรกิจ  B ถาม A เกี่ยวกับงานและความเรียบร้อยต่อหน้าคนอื่น,เพื่อรักษาหน้าตาทางสังคม,B จะโกรธที่เกิดเรื่องไม่มงคลและโดนเปิดเผย,บอกว่าเป็นไปได้เรียบร้อยดี,B เพิ่งมีญาติเสียและกำลังไว้ทุกข์อยู่,,,,2,,,,1,,,
kj3 + Thai Cultural  (TH),,th,1-3-43-0-0,0-0,43,0,Fear respect,Angry,TRUE,FALSE,TRUE,ณ ซุ้มประตูทางเข้าหมู่บ้านทับคาง (บริเวณศาลศาลเจ้าพ่อ) อำเภอเขาย้อย จังหวัดเพชรบุรี,"B เป็นพ่อครูหมอแคนอาวุโส
A C D เป็นลูกศิษย์หมอลำมือใหม่","ธรรมเนียมการขับ ""กลอนเตียว"" ก่อนเข้าข่วง",ก่อนที่ขบวนหนุ่มต่างถิ่นจะเดินเข้าเขตหมู่บ้าน เจ้าภาพ B สั่งให้ Aขับกลอนเตียว โชว์สาวๆ เพื่อเป็นการเปิดทาง  Aซึ่งซ้อมมาน้อย  แต่ B จึงถาม A เพื่อความแน่ใจว่าร้องบทชมป่าเขาถูกตามตำราใช่ไหม,เพื่อรักษาหน้าอาจารย์ และความน่าเชื่อถือ,B จะโกรธมากที่ทำให้คณะขายหน้าตั้งแต่หน้าประตู และอาจไล่ให้ไปต่อแถวหลังสุดอดโชว์ตัว,บอกว่าตนเองขับกลอนผิดไปแล้ว,,,,,3,1,,1,2,,,
kj3 + Thai Cultural  (TH),,th,1-3-43-0-1,0-1,43,1,Fear respect,Angry,TRUE,FALSE,TRUE,ณ ซุ้มประตูทางเข้าหมู่บ้านทับคาง (บริเวณศาลศาลเจ้าพ่อ) อำเภอเขาย้อย จังหวัดเพชรบุรี,"B เป็นพ่อครูหมอแคนอาวุโส
A C D เป็นลูกศิษย์หมอลำมือใหม่","ธรรมเนียมการขับ ""กลอนเตียว"" ก่อนเข้าข่วง",ก่อนที่ขบวนหนุ่มต่างถิ่นจะเดินเข้าเขตหมู่บ้าน เจ้าภาพ B สั่งให้ Aขับกลอนเตียว โชว์สาวๆ เพื่อเป็นการเปิดทาง  Aซึ่งซ้อมมาน้อย  แต่ B จึงถาม A เพื่อความแน่ใจว่าร้องบทชมป่าเขาถูกตามตำราใช่ไหม,เพื่อรักษาหน้าอาจารย์ และความน่าเชื่อถือ,B จะโกรธมากที่ทำให้คณะขายหน้าตั้งแต่หน้าประตู และอาจไล่ให้ไปต่อแถวหลังสุดอดโชว์ตัว,บอกว่าตนเองขับกลอนผิดไปแล้ว,ร้องผิดจำเนื้อไม่ได้และมั่วกลอนสดไป เพราะ B สอนไม่ดีชวนสับสน,,,,3,1,,1,2,,,
kj3 + Thai Cultural  (TH),,th,1-3-43-0-2,0-2,43,1,Fear respect,Angry,TRUE,FALSE,TRUE,ณ ซุ้มประตูทางเข้าหมู่บ้านทับคาง (บริเวณศาลศาลเจ้าพ่อ) อำเภอเขาย้อย จังหวัดเพชรบุรี,"B เป็นพ่อครูหมอแคนอาวุโส
A C D เป็นลูกศิษย์หมอลำมือใหม่","ธรรมเนียมการขับ ""กลอนเตียว"" ก่อนเข้าข่วง",ก่อนที่ขบวนหนุ่มต่างถิ่นจะเดินเข้าเขตหมู่บ้าน เจ้าภาพ B สั่งให้ Aขับกลอนเตียว โชว์สาวๆ เพื่อเป็นการเปิดทาง  Aซึ่งซ้อมมาน้อย  แต่ B จึงถาม A เพื่อความแน่ใจว่าร้องบทชมป่าเขาถูกตามตำราใช่ไหม,เพื่อรักษาหน้าอาจารย์ และความน่าเชื่อถือ,B จะโกรธมากที่ทำให้คณะขายหน้าตั้งแต่หน้าประตู และอาจไล่ให้ไปต่อแถวหลังสุดอดโชว์ตัว,บอกว่าตนเองขับร้องตามผู้อื่น,ร้องผิดจำเนื้อไม่ได้และมั่วกลอนสดไป เพราะ B สอนไม่ดีชวนสับสน,,,,3,1,,1,2,,,