Setup,file,Lang,SetID,LieID,ConversationID,TruthID,LieType,Emotion,Falsification,MultipleLair,RealReasontype,Scenario,Relationship,SituationTopic,Situation,LieObjective,RealReason,Lie,Truth,Target ,D1,D2,PLACE,PERSON,ORGANISM,ARTIFACT/OBJECT,TRADITION/EVENT,ORGANIZATION,FOOD,TIME
kj1 (EN) Avoid Confront ,,en,2-1-1-0-0,0-0,1,0,Avoid Confront,Angry,-,FALSE,TRUE,"Casual coffee meetup at a cafe, friends catching up after work",Friends:: B C D are friend of A,Asking about B's new job.,"While sipping coffee, A asks how B is liking their new, high-profile job and  B start talking about how difficult it is and B is going to work for 70 hours a week",Prevent a heated argument about work-life,B is going to start heated argument.,"loving it, the challenge the more value.",,,,,,,,,,,,
kj1 (EN) Avoid Confront ,,en,2-1-1-0-1,0-1,1,1,Avoid Confront,Angry,TRUE,FALSE,TRUE,"Casual coffee meetup at a cafe, friends catching up after work",Friends:: B C D are friend of A,Asking about B's new job.,"While sipping coffee, A asks how B is liking their new, high-profile job and  B start talking about how difficult it is and B is going to work for 70 hours a week",Prevent a heated argument about work-life,B is going to start heated argument.,"loving it, the challenge the more value.",working 70-hour weeks and is severely burnt out and cause mental health problem.,,,,,,,,,,,
kj1 (EN) Avoid Confront ,,en,2-1-1-0-2,0-2,1,1,Avoid Confront,Angry,FALSE,FALSE,TRUE,"Casual coffee meetup at a cafe, friends catching up after work",Friends:: B C D are friend of A,Asking about B's new job.,"While sipping coffee, A asks how B is liking their new, high-profile job and  B start talking about how difficult it is and B is going to work for 70 hours a week",Prevent a heated argument about work-life,B is going to start heated argument.,It's a new thing for me,working 70-hour weeks and is severely burnt out and cause mental health problem.,,,,,,,,,,,
kj1 (EN) Avoid Confront ,,en,2-1-2-0-0,0-0,2,0,Avoid Confront,Angry,-,FALSE,TRUE,"Office lunch break in a corporate building, coworkers eating together",Colleagues:: B C D are coworkers of A,Inquiring about work-from-home policy.,"During lunch, A asks if B enjoys the new flexible WFH schedule.",Avoid an aggressive debate about training methodology,"B is going to be angry because B can't afford a comfortable WFH setup (good chair, monitor) and prefers the office for resources.",The setup make it easier to do works,,,,,,,,,,,,
kj1 (EN) Avoid Confront ,,en,2-1-2-0-1,0-1,2,1,Avoid Confront,Angry,TRUE,FALSE,TRUE,"Office lunch break in a corporate building, coworkers eating together",Colleagues:: B C D are coworkers of A,Inquiring about work-from-home policy.,"During lunch, A asks if B enjoys the new flexible WFH schedule.",Avoid an aggressive debate about training methodology,"B is going to be angry because B can't afford a comfortable WFH setup (good chair, monitor) and prefers the office for resources.",The setup make it easier to do works,B's WFH setup is a painful kitchen chair and a tiny laptop screen.,,,,,,,,,,,
kj1 (EN) Avoid Confront ,,en,2-1-2-0-2,0-2,2,1,Avoid Confront,Angry,FALSE,FALSE,TRUE,"Office lunch break in a corporate building, coworkers eating together",Colleagues:: B C D are coworkers of A,Inquiring about work-from-home policy.,"During lunch, A asks if B enjoys the new flexible WFH schedule.",Avoid an aggressive debate about training methodology,"B is going to be angry because B can't afford a comfortable WFH setup (good chair, monitor) and prefers the office for resources.","prefer coming into the office, it easier to focus.",B's WFH setup is a painful kitchen chair and a tiny laptop screen.,,,,,,,,,,,
kj1 (EN) Avoid Confront ,,en,2-1-3-0-0,0-0,3,0,Avoid Confront,Angry,-,FALSE,TRUE,Family video reunion call on a holiday evening,Friends:: B C D are friends of A,Questioning about relationship status/dating life,"During the sharing updates, both B and A having new dating with someone, B asks A about dating.",Avoid a confrontation,B will be displeased,"It'is not that good,basic",,,,,,,,,,,,
kj1 (EN) Avoid Confront ,,en,2-1-3-0-1,0-1,3,1,Avoid Confront,Angry,TRUE,FALSE,TRUE,Family video reunion call on a holiday evening,Friends:: B C D are friends of A,Questioning about relationship status/dating life,"During the sharing updates, both B and A having new dating with someone, B asks A about dating.",Avoid a confrontation,B will be displeased,"It'is not that good,basic",It's very luxury dating life. everyone would be jealous,,,,,,,,,,,
kj1 (EN) Avoid Confront ,,en,2-1-3-0-2,0-2,3,1,Avoid Confront,Angry,FALSE,FALSE,TRUE,Family video reunion call on a holiday evening,Friends:: B C D are friends of A,Questioning about relationship status/dating life,"During the sharing updates, both B and A having new dating with someone, B asks A about dating.",Avoid a confrontation,B will be displeased,it's goes normally nothing special,It's very luxury dating life. everyone would be jealous,,,,,,,,,,,
kj1 (EN) Avoid Confront ,,en,2-1-4-0-0,0-0,4,0,Avoid Confront,Angry,-,FALSE,TRUE,Friends' online game night during a weekend,Friends:: B C D are friends of A,Asking about ability to afford the newest game.,"While setting up the game, B asks A if they bought the new, expensive game expansion pack.",Not to provoke,B will be mad and do not want to play with them in the future,"haven't bought it yet, but heard the reviews weren't great",,,,,,,,,,,,
kj1 (EN) Avoid Confront ,,en,2-1-4-0-1,0-1,4,1,Avoid Confront,Angry,TRUE,FALSE,TRUE,Friends' online game night during a weekend,Friends:: B C D are friends of A,Asking about ability to afford the newest game.,"While setting up the game, B asks A if they bought the new, expensive game expansion pack.",Not to provoke,B will be mad and do not want to play with them in the future,"haven't bought it yet, but heard the reviews weren't great","already bought it, quite worth ",,,,,,,,,,,
kj1 (EN) Avoid Confront ,,en,2-1-4-0-2,0-2,4,1,Avoid Confront,Angry,FALSE,FALSE,TRUE,Friends' online game night during a weekend,Friends:: B C D are friends of A,Asking about ability to afford the newest game.,"While setting up the game, B asks A if they bought the new, expensive game expansion pack.",Not to provoke,B will be mad and do not want to play with them in the future,"I heard it, but the reviews werent great","already bought it, quite worth ",,,,,,,,,,,
kj1 (EN) Avoid Confront ,,en,2-1-5-0-0,0-0,5,0,Avoid Confront,Angry,-,FALSE,TRUE,Casual online coffee chat among old classmates,Friends:: B C D are friends of A,Asking about career progress post-graduation,"During a chat, B asks A about their current job title and salary trajectory.",Avoid a patronizing conversation and not to provoke B,B feels displeased compared to high-achieving friends.,"be the project manager at a low-level firm, it's moving fast.",,,,,,,,,,,,
kj1 (EN) Avoid Confront ,,en,2-1-5-0-1,0-1,5,1,Avoid Confront,Angry,TRUE,FALSE,TRUE,Casual online coffee chat among old classmates,Friends:: B C D are friends of A,Asking about career progress post-graduation,"During a chat, B asks A about their current job title and salary trajectory.",Avoid a patronizing conversation and not to provoke B,B feels displeased compared to high-achieving friends.,"be the project manager at a low-level firm, it's moving fast.",be the high level project manager,,,,,,,,,,,
kj1 (EN) Avoid Confront ,,en,2-1-5-0-2,0-2,5,1,Avoid Confront,Angry,FALSE,FALSE,TRUE,Casual online coffee chat among old classmates,Friends:: B C D are friends of A,Asking about career progress post-graduation,"During a chat, B asks A about their current job title and salary trajectory.",Avoid a patronizing conversation and not to provoke B,B feels displeased compared to high-achieving friends.,Just a basic job and steady salary,be the high level project manager,,,,,,,,,,,
kj1 (EN) Avoid Confront ,,en,2-1-6-0-0,0-0,6,0,Avoid Confront,Angry,-,FALSE,TRUE,Weekly team stand-up meeting for a remote work group,Colleagues:: B C D are colleagues of A,Asking about willingness to help with a colleague's task.,"a company that everyone work equally, During the stand-up, B asks A if they have the bandwidth to help other with their task.",Avoid a confrontation,B will upset and may tell the boss,"love to, but completely swamped with current priorities.",,,,,,,,,,,,
kj1 (EN) Avoid Confront ,,en,2-1-6-0-1,0-1,6,1,Avoid Confront,Angry,TRUE,FALSE,TRUE,Weekly team stand-up meeting for a remote work group,Colleagues:: B C D are colleagues of A,Asking about willingness to help with a colleague's task.,"a company that everyone work equally, During the stand-up, B asks A if they have the bandwidth to help other with their task.",Avoid a confrontation,B will upset and may tell the boss,"love to, but completely swamped with current priorities.","no, A using work hours to advance a side business and cannot take on more.",,,,,,,,,,,
kj1 (EN) Avoid Confront ,,en,2-1-6-0-2,0-2,6,1,Avoid Confront,Angry,FALSE,FALSE,TRUE,Weekly team stand-up meeting for a remote work group,Colleagues:: B C D are colleagues of A,Asking about willingness to help with a colleague's task.,"a company that everyone work equally, During the stand-up, B asks A if they have the bandwidth to help other with their task.",Avoid a confrontation,B will upset and may tell the boss,May be the other would suit more.,"no, A using work hours to advance a side business and cannot take on more.",,,,,,,,,,,
kj1 (EN) Avoid Confront ,,en,2-1-7-0-0,0-0,7,0,Avoid Confront,Angry,-,FALSE,TRUE,Family group chat video call for weekly check-in,Friends:: B C D are friend of A,Questioning about apartment size/living situation,"During the call, B asks A if their new studio apartment is enough space.",Avoid a fight about standards of living,B is going to start heated argument.,"It's just right, very cozy and small, that's all A need!",,,,,,,,,,,,
kj1 (EN) Avoid Confront ,,en,2-1-7-0-1,0-1,7,1,Avoid Confront,Angry,TRUE,FALSE,TRUE,Family group chat video call for weekly check-in,Friends:: B C D are friend of A,Questioning about apartment size/living situation,"During the call, B asks A if their new studio apartment is enough space.",Avoid a fight about standards of living,B is going to start heated argument.,"It's just right, very cozy and small, that's all A need!",it's not okay A want them big like my parent's house,,,,,,,,,,,
kj1 (EN) Avoid Confront ,,en,2-1-7-0-2,0-2,7,1,Avoid Confront,Angry,FALSE,FALSE,TRUE,Family group chat video call for weekly check-in,Friends:: B C D are friend of A,Questioning about apartment size/living situation,"During the call, B asks A if their new studio apartment is enough space.",Avoid a fight about standards of living,B is going to start heated argument.,"Love it, the studio is full of equipments.",it's not okay A want them big like my parent's house,,,,,,,,,,,
kj1 (EN) Avoid Confront ,,en,2-1-8-0-0,0-0,8,0,Avoid Confront,Angry,-,FALSE,TRUE,Friend offering to pay for dinner after a group meal at a restaurant,Friends:: B C D are friends of A,Offering to cover the bill,"At the end of dinner, a friend offers to pay for everyone's meal, B politely asks A if it's okay to let them pay",Avoid a future conflict over leverage/control,B feels uncomfortable accepting large gifts because they fear the friend will expect something in return later.,"insist on paying my share, A don't want you spending so much.",,,,,,,,,,,,
kj1 (EN) Avoid Confront ,,en,2-1-8-0-1,0-1,8,1,Avoid Confront,Angry,TRUE,FALSE,TRUE,Friend offering to pay for dinner after a group meal at a restaurant,Friends:: B C D are friends of A,Offering to cover the bill,"At the end of dinner, a friend offers to pay for everyone's meal, B politely asks A if it's okay to let them pay",Avoid a future conflict over leverage/control,B feels uncomfortable accepting large gifts because they fear the friend will expect something in return later.,"insist on paying my share, A don't want you spending so much.","don't want to pay, it's can make a reciprocal obligation",,,,,,,,,,,
kj1 (EN) Avoid Confront ,,en,2-1-8-0-2,0-2,8,1,Avoid Confront,Angry,FALSE,FALSE,TRUE,Friend offering to pay for dinner after a group meal at a restaurant,Friends:: B C D are friends of A,Offering to cover the bill,"At the end of dinner, a friend offers to pay for everyone's meal, B politely asks A if it's okay to let them pay",Avoid a future conflict over leverage/control,B feels uncomfortable accepting large gifts because they fear the friend will expect something in return later.,But i just counted the money,"don't want to pay, it's can make a reciprocal obligation",,,,,,,,,,,
kj1 (EN) Avoid Confront ,,en,2-1-9-0-0,0-0,9,0,Avoid Confront,Angry,-,FALSE,TRUE,Gym buddy suggesting lighter weights during workout session,Friends:: B C D are friend of A,Recommending a change in workout routine,"At gym, B suggests A to switch from lifting to cardio for the day.",Avoid being bullied into a dangerous situation,B feels disrespected,"Oh, i'll  try, thank you.",,,,,,,,,,,,
kj1 (EN) Avoid Confront ,,en,2-1-9-0-1,0-1,9,1,Avoid Confront,Angry,TRUE,FALSE,TRUE,Gym buddy suggesting lighter weights during workout session,Friends:: B C D are friend of A,Recommending a change in workout routine,"At gym, B suggests A to switch from lifting to cardio for the day.",Avoid being bullied into a dangerous situation,B feels disrespected,"Oh, i'll  try, thank you.","can not ,A chasing a new PB (Personal Best). unlike B who prefer that way",,,,,,,,,,,
kj1 (EN) Avoid Confront ,,en,2-1-9-0-2,0-2,9,1,Avoid Confront,Angry,FALSE,FALSE,TRUE,Gym buddy suggesting lighter weights during workout session,Friends:: B C D are friend of A,Recommending a change in workout routine,"At gym, B suggests A to switch from lifting to cardio for the day.",Avoid being bullied into a dangerous situation,B feels disrespected,affirmative and said thank you.,"can not ,A chasing a new PB (Personal Best). unlike B who prefer that way",,,,,,,,,,,
kj1 (EN) Avoid Confront ,,en,2-1-10-0-0,0-0,10,0,Avoid Confront,Angry,-,FALSE,TRUE,Group offers to exclude from tough hike,Friends:: B C D are friends of A,talking about Trail difficulty,"B suggests A skip hard part, while B is ready to hike that part",Not to provoke,B is going to start heated argument.,A affirmative and thank you for B concern.,,,,,,,,,,,,
kj1 (EN) Avoid Confront ,,en,2-1-10-0-1,0-1,10,1,Avoid Confront,Angry,TRUE,FALSE,TRUE,Group offers to exclude from tough hike,Friends:: B C D are friends of A,talking about Trail difficulty,"B suggests A skip hard part, while B is ready to hike that part",Not to provoke,B is going to start heated argument.,A affirmative and thank you for B concern.,Ready for full hike,,,,,,,,,,,
kj1 (EN) Avoid Confront ,,en,2-1-10-0-2,0-2,10,1,Avoid Confront,Angry,FALSE,FALSE,TRUE,Group offers to exclude from tough hike,Friends:: B C D are friends of A,talking about Trail difficulty,"B suggests A skip hard part, while B is ready to hike that part",Not to provoke,B is going to start heated argument.,"Oh, i have heard that.",Ready for full hike,,,,,,,,,,,
kj1 (EN) Avoid Confront ,,en,2-1-11-0-0,0-0,11,0,Avoid Confront,Angry,-,FALSE,TRUE,Roommate kitchen meeting,Roommates: B is roommate of A,talking about Cleaning Chores,B notices a dirty dish in the sink and aggressively asks if A left it there.,"Avoid an explosion from a ""clean-freak"" roommate.",B has a short temper regarding cleanliness and will scream,"No, that was guest from last night, A was just about to wash it.",,,,,,,,,,,,
kj1 (EN) Avoid Confront ,,en,2-1-11-0-1,0-1,11,1,Avoid Confront,Angry,TRUE,FALSE,TRUE,Roommate kitchen meeting,Roommates: B is roommate of A,talking about Cleaning Chores,B notices a dirty dish in the sink and aggressively asks if A left it there.,"Avoid an explosion from a ""clean-freak"" roommate.",B has a short temper regarding cleanliness and will scream,"No, that was guest from last night, A was just about to wash it.","Yes, A lazy and left it there",,,,,,,,,,,
kj1 (EN) Avoid Confront ,,en,2-1-11-0-2,0-2,11,1,Avoid Confront,Angry,FALSE,FALSE,TRUE,Roommate kitchen meeting,Roommates: B is roommate of A,talking about Cleaning Chores,B notices a dirty dish in the sink and aggressively asks if A left it there.,"Avoid an explosion from a ""clean-freak"" roommate.",B has a short temper regarding cleanliness and will scream,May be someone left it there.,"Yes, A lazy and left it there",,,,,,,,,,,
kj1 (EN) Avoid Confront ,,en,2-1-12-0-0,0-0,12,0,Avoid Confront,Angry,-,FALSE,TRUE,Political discussion at bar,Friends: B is a political activist,talking about Election Voting,B passionately asks A who they voted for in the recent controversial election.,Avoid a screaming match about politics/morality.,B cuts off friends who vote for the opposing party and will cause a public scene.,Maybe the one you choosed,,,,,,,,,,,,
kj1 (EN) Avoid Confront ,,en,2-1-12-0-1,0-1,12,1,Avoid Confront,Angry,TRUE,FALSE,TRUE,Political discussion at bar,Friends: B is a political activist,talking about Election Voting,B passionately asks A who they voted for in the recent controversial election.,Avoid a screaming match about politics/morality.,B cuts off friends who vote for the opposing party and will cause a public scene.,Maybe the one you choosed,A voted for the candidate B hate,,,,,,,,,,,
kj1 (EN) Avoid Confront ,,en,2-1-12-0-2,0-2,12,1,Avoid Confront,Angry,FALSE,FALSE,TRUE,Political discussion at bar,Friends: B is a political activist,talking about Election Voting,B passionately asks A who they voted for in the recent controversial election.,Avoid a screaming match about politics/morality.,B cuts off friends who vote for the opposing party and will cause a public scene.,A actually didn't get a chance to vote this year,A voted for the candidate B hate,,,,,,,,,,,
kj1 (EN) Avoid Confront ,,en,2-1-13-0-0,0-0,13,0,Avoid Confront,Angry,-,FALSE,TRUE,Couple getting dressed for party,Partners: A and B are dating,talking about Appearance/Weight,"B tries on an outfit that is too tight and asks A, ""Do I look fat in this?""",Avoid hurting B's feelings and ruining the night with an argument.,B is very insecure and will get angry/cry if A confirms the outfit doesn't fit.,"Not at all, it's just the lighting in here. B look great.",,,,,,,,,,,,
kj1 (EN) Avoid Confront ,,en,2-1-13-0-1,0-1,13,1,Avoid Confront,Angry,TRUE,FALSE,TRUE,Couple getting dressed for party,Partners: A and B are dating,talking about Appearance/Weight,"B tries on an outfit that is too tight and asks A, ""Do I look fat in this?""",Avoid hurting B's feelings and ruining the night with an argument.,B is very insecure and will get angry/cry if A confirms the outfit doesn't fit.,"Not at all, it's just the lighting in here. B look great.","Yes, that outfit is too small and doesn't look good",,,,,,,,,,,
kj1 (EN) Avoid Confront ,,en,2-1-13-0-2,0-2,13,1,Avoid Confront,Angry,FALSE,FALSE,TRUE,Couple getting dressed for party,Partners: A and B are dating,talking about Appearance/Weight,"B tries on an outfit that is too tight and asks A, ""Do I look fat in this?""",Avoid hurting B's feelings and ruining the night with an argument.,B is very insecure and will get angry/cry if A confirms the outfit doesn't fit.,I think it fit you well,"Yes, that outfit is too small and doesn't look good",,,,,,,,,,,
kj1 (EN) Avoid Confront ,,en,2-1-14-0-0,0-0,14,0,Avoid Confront,Angry,-,FALSE,TRUE,Borrowing a car,"Friends: B owns the car, A borrowed it",talking about Property Damage,"A returns B's car with a small scratch. B asks, ""Was this scratch here before?""",Avoid B freaking out about their prized possession.,B is obsessive about their car and will demand expensive repairs immediately.,"Yeah, A noticed that. Must have been from the parking lot yesterday.",,,,,,,,,,,,
kj1 (EN) Avoid Confront ,,en,2-1-14-0-1,0-1,14,1,Avoid Confront,Angry,TRUE,FALSE,TRUE,Borrowing a car,"Friends: B owns the car, A borrowed it",talking about Property Damage,"A returns B's car with a small scratch. B asks, ""Was this scratch here before?""",Avoid B freaking out about their prized possession.,B is obsessive about their car and will demand expensive repairs immediately.,"Yeah, A noticed that. Must have been from the parking lot yesterday.","No, A accidentally scraped a bush while parking",,,,,,,,,,,
kj1 (EN) Avoid Confront ,,en,2-1-14-0-2,0-2,14,1,Avoid Confront,Angry,FALSE,FALSE,TRUE,Borrowing a car,"Friends: B owns the car, A borrowed it",talking about Property Damage,"A returns B's car with a small scratch. B asks, ""Was this scratch here before?""",Avoid B freaking out about their prized possession.,B is obsessive about their car and will demand expensive repairs immediately.,"I don't know, i think it's a yes.","No, A accidentally scraped a bush while parking",,,,,,,,,,,
kj1 (EN) Avoid Confront ,,en,2-1-15-0-0,0-0,15,0,Avoid Confront,Angry,-,FALSE,TRUE,Project deadline review,Manager (B) and Employee (A),talking about Missed Deadline,B asks why the project isn't finished yet.,Avoid a reprimand for poor time management.,B will be furious if they know A was procrastinating.,There were some unforeseen delays in the initial planning phase.,,,,,,,,,,,,
kj1 (EN) Avoid Confront ,,en,2-1-15-0-1,0-1,15,1,Avoid Confront,Angry,TRUE,FALSE,TRUE,Project deadline review,Manager (B) and Employee (A),talking about Missed Deadline,B asks why the project isn't finished yet.,Avoid a reprimand for poor time management.,B will be furious if they know A was procrastinating.,There were some unforeseen delays in the initial planning phase.,A procrastinated and didn't start until yesterday,,,,,,,,,,,
kj1 (EN) Avoid Confront ,,en,2-1-15-0-2,0-2,15,1,Avoid Confront,Angry,FALSE,FALSE,TRUE,Project deadline review,Manager (B) and Employee (A),talking about Missed Deadline,B asks why the project isn't finished yet.,Avoid a reprimand for poor time management.,B will be furious if they know A was procrastinating.,We ran into some unexpected technical bugs that slowed us down,A procrastinated and didn't start until yesterday,,,,,,,,,,,
kj1 (EN) Avoid Confront ,,en,2-1-16-0-0,0-0,16,0,Avoid Confront,Angry,-,FALSE,TRUE,Art class critique,"Classmates: B is an artist, A is critique",talking about Artistic Talent,B shows A their painting and asks for an honest opinion.,Avoid B's defensive anger toward criticism.,B cannot handle criticism and views any negative feedback as a personal attack.,"It looks good, and well orgarnized",,,,,,,,,,,,
kj1 (EN) Avoid Confront ,,en,2-1-16-0-1,0-1,16,1,Avoid Confront,Angry,TRUE,FALSE,TRUE,Art class critique,"Classmates: B is an artist, A is critique",talking about Artistic Talent,B shows A their painting and asks for an honest opinion.,Avoid B's defensive anger toward criticism.,B cannot handle criticism and views any negative feedback as a personal attack.,"It looks good, and well orgarnized",It looks messy and the proportions are completely wrong,,,,,,,,,,,
kj1 (EN) Avoid Confront ,,en,2-1-16-0-2,0-2,16,1,Avoid Confront,Angry,FALSE,FALSE,TRUE,Art class critique,"Classmates: B is an artist, A is critique",talking about Artistic Talent,B shows A their painting and asks for an honest opinion.,Avoid B's defensive anger toward criticism.,B cannot handle criticism and views any negative feedback as a personal attack.,It's really unique! and love the abstract direction that B is taking.,It looks messy and the proportions are completely wrong,,,,,,,,,,,
kj1 (EN) Avoid Confront ,,en,2-1-17-0-0,0-0,17,0,Avoid Confront,Angry,-,FALSE,TRUE,Wedding planning,"Family: B is Mother-in-law, A is Bride",talking about Guest List,B asks why her distant cousin wasn't invited to the wedding.,Avoid a family feud about wedding control.,B will feel disrespected and cause drama with the extended family.,"We really wanted to, but the venue has a strict capacity limit we can't break.",,,,,,,,,,,,
kj1 (EN) Avoid Confront ,,en,2-1-17-0-1,0-1,17,1,Avoid Confront,Angry,TRUE,FALSE,TRUE,Wedding planning,"Family: B is Mother-in-law, A is Bride",talking about Guest List,B asks why her distant cousin wasn't invited to the wedding.,Avoid a family feud about wedding control.,B will feel disrespected and cause drama with the extended family.,"We really wanted to, but the venue has a strict capacity limit we can't break.", find your cousin annoying and didn't want them there.,,,,,,,,,,,
kj1 (EN) Avoid Confront ,,en,2-1-17-0-2,0-2,17,1,Avoid Confront,Angry,FALSE,FALSE,TRUE,Wedding planning,"Family: B is Mother-in-law, A is Bride",talking about Guest List,B asks why her distant cousin wasn't invited to the wedding.,Avoid a family feud about wedding control.,B will feel disrespected and cause drama with the extended family.,I already sent the invitation but may be it didn't meet them., find your cousin annoying and didn't want them there.,,,,,,,,,,,
kj1 (EN) Avoid Confront ,,en,2-1-18-0-0,0-0,18,0,Avoid Confront,Angry,-,FALSE,TRUE,Band practice,"Bandmates: B is singer, A is guitarist",talking about Musical Skill,"B sings off-key and asks the band, ""How did that sound?""",Avoid an ego-clash that breaks up the band.,B has a fragile ego and will quit if told they sang badly.,The sound is good and well  control ovver the keys.,,,,,,,,,,,,
kj1 (EN) Avoid Confront ,,en,2-1-18-0-1,0-1,18,1,Avoid Confront,Angry,TRUE,FALSE,TRUE,Band practice,"Bandmates: B is singer, A is guitarist",talking about Musical Skill,"B sings off-key and asks the band, ""How did that sound?""",Avoid an ego-clash that breaks up the band.,B has a fragile ego and will quit if told they sang badly.,The sound is good and well  control ovver the keys,B were flat and off-key for the whole song.,,,,,,,,,,,
kj1 (EN) Avoid Confront ,,en,2-1-18-0-2,0-2,18,1,Avoid Confront,Angry,FALSE,FALSE,TRUE,Band practice,"Bandmates: B is singer, A is guitarist",talking about Musical Skill,"B sings off-key and asks the band, ""How did that sound?""",Avoid an ego-clash that breaks up the band.,B has a fragile ego and will quit if told they sang badly.,Sounded strong! Maybe we just adjust the mic volume a bit.,B were flat and off-key for the whole song.,,,,,,,,,,,
kj1 (EN) Avoid Confront ,,en,2-1-19-0-0,0-0,19,0,Avoid Confront,Angry,-,FALSE,TRUE,Cooking dinner for partner,"Partners: B cooked, A is eating",talking about Taste of Food,B cooks a new recipe that tastes terrible and asks A if they like it.,Avoid B feeling unappreciated or angry about wasting effort.,B gets angry when their effort is criticized after cooking for hours.,It's really interesting! A very bold flavor profile.,,,,,,,,,,,,
kj1 (EN) Avoid Confront ,,en,2-1-19-0-1,0-1,19,1,Avoid Confront,Angry,TRUE,FALSE,TRUE,Cooking dinner for partner,"Partners: B cooked, A is eating",talking about Taste of Food,B cooks a new recipe that tastes terrible and asks A if they like it.,Avoid B feeling unappreciated or angry about wasting effort.,B gets angry when their effort is criticized after cooking for hours.,It's really interesting! A very bold flavor profile.,This is burnt and inedible.,,,,,,,,,,,
kj1 (EN) Avoid Confront ,,en,2-1-19-0-2,0-2,19,1,Avoid Confront,Angry,FALSE,FALSE,TRUE,Cooking dinner for partner,"Partners: B cooked, A is eating",talking about Taste of Food,B cooks a new recipe that tastes terrible and asks A if they like it.,Avoid B feeling unappreciated or angry about wasting effort.,B gets angry when their effort is criticized after cooking for hours.,It looks so cool and big.,This is burnt and inedible.,,,,,,,,,,,
kj1 (EN) Avoid Confront ,,en,2-1-20-0-0,0-0,20,0,Avoid Confront,Angry,-,FALSE,TRUE,IT Support Ticket,"Colleagues: B is IT, A is User",talking about Computer Virus,B asks A if they clicked on a suspicious email link to cause the virus.,Avoid a lecture.,B will berate for compromising company security (again).,"No, A have no idea how it happened! It just popped up.",,,,,,,,,,,,
kj1 (EN) Avoid Confront ,,en,2-1-20-0-1,0-1,20,1,Avoid Confront,Angry,TRUE,FALSE,TRUE,IT Support Ticket,"Colleagues: B is IT, A is User",talking about Computer Virus,B asks A if they clicked on a suspicious email link to cause the virus.,Avoid a lecture.,B will berate for compromising company security (again).,"No, A have no idea how it happened! It just popped up.","Yes, A clicked a phishing link.",,,,,,,,,,,
kj1 (EN) Avoid Confront ,,en,2-1-20-0-2,0-2,20,1,Avoid Confront,Angry,FALSE,FALSE,TRUE,IT Support Ticket,"Colleagues: B is IT, A is User",talking about Computer Virus,B asks A if they clicked on a suspicious email link to cause the virus.,Avoid a lecture.,B will berate for compromising company security (again).,I don't know what link?,"Yes, A clicked a phishing link.",,,,,,,,,,,
kj1 (EN) Avoid Confront ,,en,2-1-21-0-0,0-0,21,0,Avoid Confront,Angry,-,FALSE,TRUE,Friend offers good posture opportunity,"Friend: B, C, D are friends of A",talk about the finding therapist,B insists on finding a Physical therapist for A. because A looks unkempt and having office syndrome,Avoid a lecture.,B will feel entitled to constantly nag,thanks and accepted,,,,,,,,,,,,
kj1 (EN) Avoid Confront ,,en,2-1-21-0-1,0-1,21,1,Avoid Confront,Angry,TRUE,FALSE,TRUE,Friend offers good posture opportunity,"Friend: B, C, D are friends of A",talk about the finding therapist,B insists on finding a Physical therapist for A. because A looks unkempt and having office syndrome,Avoid a lecture.,B will feel entitled to constantly nag,thanks and accepted,"don't want the therapist, can heal with myown",,,,,,,,,,,
kj1 (EN) Avoid Confront ,,en,2-1-21-0-2,0-2,21,1,Avoid Confront,Angry,FALSE,FALSE,TRUE,Friend offers good posture opportunity,"Friend: B, C, D are friends of A",talk about the finding therapist,B insists on finding a Physical therapist for A. because A looks unkempt and having office syndrome,Avoid a lecture.,B will feel entitled to constantly nag,Thank you,"don't want the therapist, can heal with myown",,,,,,,,,,,
kj1 (EN) Avoid Confront ,,en,2-1-22-0-0,0-0,22,0,Avoid Confront,Angry,-,FALSE,TRUE,Family offers vacation packing list,"Family: B, C, D are siblings",about family management,"The trip is tomorrow, B offers to email a checklist and asks if A has even started packing.",Avoid a confrontation,B will panic and try to micromanage every minute of the trip.,already prepared and make B to be confident,,,,,,,,,,,,
kj1 (EN) Avoid Confront ,,en,2-1-22-0-1,0-1,22,1,Avoid Confront,Angry,TRUE,FALSE,TRUE,Family offers vacation packing list,"Family: B, C, D are siblings",about family management,"The trip is tomorrow, B offers to email a checklist and asks if A has even started packing.",Avoid a confrontation,B will panic and try to micromanage every minute of the trip.,already prepared and make B to be confident,completely unprepared and haven't started.,,,,,,,,,,,
kj1 (EN) Avoid Confront ,,en,2-1-22-0-2,0-2,22,1,Avoid Confront,Angry,FALSE,FALSE,TRUE,Family offers vacation packing list,"Family: B, C, D are siblings",about family management,"The trip is tomorrow, B offers to email a checklist and asks if A has even started packing.",Avoid a confrontation,B will panic and try to micromanage every minute of the trip.,I'm doing it.,completely unprepared and haven't started.,,,,,,,,,,,
kj1 (EN) Avoid Confront ,,en,2-1-23-0-0,0-0,23,0,Avoid Confront,Angry,-,FALSE,TRUE,Friend offers streaming sub share,"Friend: B, C, D are friends of A",talk about streaming Family plan with friends,"B offers to add A to their ""Family Plan"" for free/cheap, asks why A is still on the limited version.","avoid ""hidden"" emotional debt.",B will force the charity and hold it over head as a 'debt' later.,i just bought it,,,,,,,,,,,,
kj1 (EN) Avoid Confront ,,en,2-1-23-0-1,0-1,23,1,Avoid Confront,Angry,TRUE,FALSE,TRUE,Friend offers streaming sub share,"Friend: B, C, D are friends of A",talk about streaming Family plan with friends,"B offers to add A to their ""Family Plan"" for free/cheap, asks why A is still on the limited version.","avoid ""hidden"" emotional debt.",B will force the charity and hold it over head as a 'debt' later.,i just bought it,can't afford premium and refuse to owe B a favor.,,,,,,,,,,,
kj1 (EN) Avoid Confront ,,en,2-1-23-0-2,0-2,23,1,Avoid Confront,Angry,FALSE,FALSE,TRUE,Friend offers streaming sub share,"Friend: B, C, D are friends of A",talk about streaming Family plan with friends,"B offers to add A to their ""Family Plan"" for free/cheap, asks why A is still on the limited version.","avoid ""hidden"" emotional debt.",B will force the charity and hold it over head as a 'debt' later.,go along with B,can't afford premium and refuse to owe B a favor.,,,,,,,,,,,
kj1 (EN) Avoid Confront ,,en,2-1-24-0-0,0-0,24,0,Avoid Confront,Angry,-,FALSE,TRUE,Friend offers route shortcut,"Friend: B, C, D are friends of A",talking about the road,"B notices A missed a turn and suggests a shortcut, B asks if A knows where they are going.",Prevent from panicking and taking over the driving.,"B will get angry, panic, and aggressively 'backseat drive' for the rest of the trip.",miss a turn does not mean A would lost the goal destiation,,,,,,,,,,,,
kj1 (EN) Avoid Confront ,,en,2-1-24-0-1,0-1,24,1,Avoid Confront,Angry,TRUE,FALSE,TRUE,Friend offers route shortcut,"Friend: B, C, D are friends of A",talking about the road,"B notices A missed a turn and suggests a shortcut, B asks if A knows where they are going.",Prevent from panicking and taking over the driving.,"B will get angry, panic, and aggressively 'backseat drive' for the rest of the trip.",miss a turn does not mean A would lost the goal destiation,completely lost and missed the exit.,,,,,,,,,,,
kj1 (EN) Avoid Confront ,,en,2-1-24-0-2,0-2,24,1,Avoid Confront,Angry,FALSE,FALSE,TRUE,Friend offers route shortcut,"Friend: B, C, D are friends of A",talking about the road,"B notices A missed a turn and suggests a shortcut, B asks if A knows where they are going.",Prevent from panicking and taking over the driving.,"B will get angry, panic, and aggressively 'backseat drive' for the rest of the trip.",Chill i know the way,completely lost and missed the exit.,,,,,,,,,,,
kj1 (EN) Avoid Confront ,,en,2-1-25-0-0,0-0,25,0,Avoid Confront,Angry,-,FALSE,TRUE,Coworker offers meeting notes,"Coworker: B, C, D are coworkers",inquiry about lecture on professional focus,"all coworkers are work equally. B notices A zoning out during a presentation and offers a summary, asks if A caught the last slide.",Protect professional image and avoid HR/managerial trouble.,B will judge  as unprofessional and might report to the manager.,not missed the keypoints,,,,,,,,,,,,
kj1 (EN) Avoid Confront ,,en,2-1-25-0-1,0-1,25,1,Avoid Confront,Angry,TRUE,FALSE,TRUE,Coworker offers meeting notes,"Coworker: B, C, D are coworkers",inquiry about lecture on professional focus,"all coworkers are work equally. B notices A zoning out during a presentation and offers a summary, asks if A caught the last slide.",Protect professional image and avoid HR/managerial trouble.,B will judge  as unprofessional and might report to the manager.,not missed the keypoints,missed key points because daydreaming.,,,,,,,,,,,
kj1 (EN) Avoid Confront ,,en,2-1-25-0-2,0-2,25,1,Avoid Confront,Angry,FALSE,FALSE,TRUE,Coworker offers meeting notes,"Coworker: B, C, D are coworkers",inquiry about lecture on professional focus,"all coworkers are work equally. B notices A zoning out during a presentation and offers a summary, asks if A caught the last slide.",Protect professional image and avoid HR/managerial trouble.,B will judge  as unprofessional and might report to the manager.,Definitely,missed key points because daydreaming.,,,,,,,,,,,
kj1 (EN) Avoid Confront ,,en,2-1-26-0-0,0-0,26,0,Avoid Confront,Angry,-,FALSE,TRUE,Family offers meal delivery,"Family: B, C, D are siblings",talking about food consumption,"Family offers to drop off food because A looks thin, B asks if A is eating properly.",Avoid a high-pressure family intervention and lifestyle criticism.,B will launch an intense family intervention and criticize lifestyle.,on the diet and eat only vegetable,,,,,,,,,,,,
kj1 (EN) Avoid Confront ,,en,2-1-26-0-1,0-1,26,1,Avoid Confront,Angry,TRUE,FALSE,TRUE,Family offers meal delivery,"Family: B, C, D are siblings",talking about food consumption,"Family offers to drop off food because A looks thin, B asks if A is eating properly.",Avoid a high-pressure family intervention and lifestyle criticism.,B will launch an intense family intervention and criticize lifestyle.,on the diet and eat only vegetable,A eating instant food only and neglecting health.,,,,,,,,,,,
kj1 (EN) Avoid Confront ,,en,2-1-26-0-2,0-2,26,1,Avoid Confront,Angry,FALSE,FALSE,TRUE,Family offers meal delivery,"Family: B, C, D are siblings",talking about food consumption,"Family offers to drop off food because A looks thin, B asks if A is eating properly.",Avoid a high-pressure family intervention and lifestyle criticism.,B will launch an intense family intervention and criticize lifestyle.,"lately, i exercise a lot",A eating instant food only and neglecting health.,,,,,,,,,,,
kj1 (EN) Avoid Confront ,,en,2-1-27-0-0,0-0,27,0,Avoid Confront,Angry,-,FALSE,TRUE,Coach offers substitute,"Teammates: C, D are team, B is Coach",talking about performance,"B suggests A sub out because they look slow, B asks if the old injury is flaring up.",Secure a spot in the game and prevent being permanently benched.,B will bench permanently and team will lose,I'm fined,,,,,,,,,,,,
kj1 (EN) Avoid Confront ,,en,2-1-27-0-1,0-1,27,1,Avoid Confront,Angry,TRUE,FALSE,TRUE,Coach offers substitute,"Teammates: C, D are team, B is Coach",talking about performance,"B suggests A sub out because they look slow, B asks if the old injury is flaring up.",Secure a spot in the game and prevent being permanently benched.,B will bench permanently and team will lose,I'm fined,The injury is hindering performance significantly.,,,,,,,,,,,
kj1 (EN) Avoid Confront ,,en,2-1-27-0-2,0-2,27,1,Avoid Confront,Angry,FALSE,FALSE,TRUE,Coach offers substitute,"Teammates: C, D are team, B is Coach",talking about performance,"B suggests A sub out because they look slow, B asks if the old injury is flaring up.",Secure a spot in the game and prevent being permanently benched.,B will bench permanently and team will lose,"No, A need to play.",The injury is hindering performance significantly.,,,,,,,,,,,
kj1 (EN) Avoid Confront ,,en,2-1-28-0-0,0-0,28,0,Avoid Confront,Angry,-,FALSE,TRUE,Doctor offers stronger pain meds,"Family: C, D are parents, B is Doctor",talking about medication,"Doctor suggests expensive new medication for faster recovery, Parents (C,D) are present and eager to pay.",Protect family finances from B's medical pressure.,B as doctor will be angry and may force to take expensive medication,need the recovery help,,,,,,,,,,,,
kj1 (EN) Avoid Confront ,,en,2-1-28-0-1,0-1,28,1,Avoid Confront,Angry,TRUE,FALSE,TRUE,Doctor offers stronger pain meds,"Family: C, D are parents, B is Doctor",talking about medication,"Doctor suggests expensive new medication for faster recovery, Parents (C,D) are present and eager to pay.",Protect family finances from B's medical pressure.,B as doctor will be angry and may force to take expensive medication,I can pay it on my own,refuse to bankrupt family.,,,,,,,,,,,
kj1 (EN) Avoid Confront ,,en,2-1-28-0-2,0-2,28,1,Avoid Confront,Angry,FALSE,FALSE,TRUE,Doctor offers stronger pain meds,"Family: C, D are parents, B is Doctor",talking about medication,"Doctor suggests expensive new medication for faster recovery, Parents (C,D) are present and eager to pay.",Protect family finances from B's medical pressure.,B as doctor will be angry and may force to take expensive medication,need the recovery help,refuse to bankrupt family.,,,,,,,,,,,
kj1 (EN) Avoid Confront ,,en,2-1-29-0-0,0-0,29,0,Avoid Confront,Angry,-,FALSE,TRUE,Travel agent offers downgrade,"Friend: C, D are friends, B is Agent",talking about budget discussions,"A sees the price is high and offers B a budget option, Friends (C, D) are watching.",Avoid B's price-gouging and save face in front of friends.,B will be upset and upper the price,The trip is proper priced,,,,,,,,,,,,
kj1 (EN) Avoid Confront ,,en,2-1-29-0-1,0-1,29,1,Avoid Confront,Angry,TRUE,FALSE,TRUE,Travel agent offers downgrade,"Friend: C, D are friends, B is Agent",talking about budget discussions,"A sees the price is high and offers B a budget option, Friends (C, D) are watching.",Avoid B's price-gouging and save face in front of friends.,B will be upset and upper the price,The trip is proper priced,The trip is overpriced and unaffordable.,,,,,,,,,,,
kj1 (EN) Avoid Confront ,,en,2-1-29-0-2,0-2,29,1,Avoid Confront,Angry,FALSE,FALSE,TRUE,Travel agent offers downgrade,"Friend: C, D are friends, B is Agent",talking about budget discussions,"A sees the price is high and offers B a budget option, Friends (C, D) are watching.",Avoid B's price-gouging and save face in front of friends.,B will be upset and upper the price,I can handle it,The trip is overpriced and unaffordable.,,,,,,,,,,,
kj1 (EN) Avoid Confront ,,en,2-1-30-0-0,0-0,30,0,Avoid Confront,Angry,-,FALSE,TRUE,Friend offers music lesson,"Friend: B, C, D are friends of A",talking about guitar playing,"B hears A playing guitar badly and offers a lesson,asks if A has been practicing at all.",Prevent anger,B will get angry,do many practice but sound terrible.,,,,,,,,,,,,
kj1 (EN) Avoid Confront ,,en,2-1-30-0-1,0-1,30,1,Avoid Confront,Angry,TRUE,FALSE,TRUE,Friend offers music lesson,"Friend: B, C, D are friends of A",talking about guitar playing,"B hears A playing guitar badly and offers a lesson,asks if A has been practicing at all.",Prevent anger,B will get angry,do many practice but sound terrible.,badly out of practice,,,,,,,,,,,
kj1 (EN) Avoid Confront ,,en,2-1-30-0-2,0-2,30,1,Avoid Confront,Angry,FALSE,FALSE,TRUE,Friend offers music lesson,"Friend: B, C, D are friends of A",talking about guitar playing,"B hears A playing guitar badly and offers a lesson,asks if A has been practicing at all.",Prevent anger,B will get angry,Maybe because of the guitar,badly out of practice,,,,,,,,,,,
kj1 (EN) Avoid Confront ,,en,2-1-31-0-0,0-0,31,0,Avoid Confront,Angry,-,FALSE,TRUE,Neighbor offers gardening help,"Neighbor: B, C, D are neighbors of A",talking about gardening,"B offers to clean A's yard while A is away, B asks if A has been too busy to handle it.",Avoid being the subject of neighborhood gossip.,B will see the mess/neglect and gossip,"lately, i don't have a time",,,,,,,,,,,,
kj1 (EN) Avoid Confront ,,en,2-1-31-0-1,0-1,31,1,Avoid Confront,Angry,TRUE,FALSE,TRUE,Neighbor offers gardening help,"Neighbor: B, C, D are neighbors of A",talking about gardening,"B offers to clean A's yard while A is away, B asks if A has been too busy to handle it.",Avoid being the subject of neighborhood gossip.,B will see the mess/neglect and gossip,"lately, i don't have a time",It is an overgrown mess due to A's laziness.,,,,,,,,,,,
kj1 (EN) Avoid Confront ,,en,2-1-31-0-2,0-2,31,1,Avoid Confront,Angry,FALSE,FALSE,TRUE,Neighbor offers gardening help,"Neighbor: B, C, D are neighbors of A",talking about gardening,"B offers to clean A's yard while A is away, B asks if A has been too busy to handle it.",Avoid being the subject of neighborhood gossip.,B will see the mess/neglect and gossip,It is an overgrown mess due to A's laziness.,It is an overgrown mess due to A's laziness.,,,,,,,,,,,
kj1 (EN) Avoid Confront ,,en,2-1-32-0-0,0-0,32,0,Avoid Confront,Angry,-,FALSE,TRUE,Friend offers hairstyle change suggestion,"Friends: B, C, D are friends of A",talking about Hair management advise,"B suggests a haircut because A looks unkempt, B insists on booking a salon appointment.",Prevent from feeling financially slighted or ignored.,B will be angry because he almost pay the booking appointment,let B appointment and go to salon,,,,,,,,,,,,
kj1 (EN) Avoid Confront ,,en,2-1-32-0-1,0-1,32,1,Avoid Confront,Angry,TRUE,FALSE,TRUE,Friend offers hairstyle change suggestion,"Friends: B, C, D are friends of A",talking about Hair management advise,"B suggests a haircut because A looks unkempt, B insists on booking a salon appointment.",Prevent from feeling financially slighted or ignored.,B will be angry because he almost pay the booking appointment,let B appointment and go to salon,already book the favourable salon,,,,,,,,,,,
kj1 (EN) Avoid Confront ,,en,2-1-32-0-2,0-2,32,1,Avoid Confront,Angry,FALSE,FALSE,TRUE,Friend offers hairstyle change suggestion,"Friends: B, C, D are friends of A",talking about Hair management advise,"B suggests a haircut because A looks unkempt, B insists on booking a salon appointment.",Prevent from feeling financially slighted or ignored.,B will be angry because he almost pay the booking appointment,You can book it for me,already book the favourable salon,,,,,,,,,,,
kj1 (EN) Avoid Confront ,,en,2-1-33-0-0,0-0,33,0,Avoid Confront,Angry,-,FALSE,TRUE,Family offers vacation packing list,"Families: B, C, D are siblings of A",talking about Trip readiness,"B offers to email a checklist because the trip is tomorrow, B asks if A has even started packing.",Avoid group anxiety and keep the family calm.,B may causes the whole family to stress out,all packed and ready to go.,,,,,,,,,,,,
kj1 (EN) Avoid Confront ,,en,2-1-33-0-1,0-1,33,1,Avoid Confront,Angry,TRUE,FALSE,TRUE,Family offers vacation packing list,"Families: B, C, D are siblings of A",talking about Trip readiness,"B offers to email a checklist because the trip is tomorrow, B asks if A has even started packing.",Avoid group anxiety and keep the family calm.,B may causes the whole family to stress out,all packed and ready to go.,Completely unprepared.,,,,,,,,,,,
kj1 (EN) Avoid Confront ,,en,2-1-33-0-2,0-2,33,1,Avoid Confront,Angry,FALSE,FALSE,TRUE,Family offers vacation packing list,"Families: B, C, D are siblings of A",talking about Trip readiness,"B offers to email a checklist because the trip is tomorrow, B asks if A has even started packing.",Avoid group anxiety and keep the family calm.,B may causes the whole family to stress out,I'm packing,Completely unprepared.,,,,,,,,,,,